Id,Prediction
0,15
1,98
2,92
3,96
4,40
5,26
6,23
7,48
8,1
9,6
10,57
11,91
12,87
13,54
14,71
15,52
16,81
17,5
18,50
19,49
20,35
21,49
22,58
23,19
24,3
25,78
26,65
27,89
28,65
29,89
30,34
31,71
32,49
33,38
34,4
35,99
36,90
37,44
38,51
39,97
40,40
41,46
42,56
43,86
44,14
45,31
46,9
47,95
48,23
49,8
50,81
51,13
52,5
53,3
54,97
55,81
56,28
57,23
58,63
59,13
60,62
61,41
62,48
63,19
64,90
65,46
66,17
67,18
68,5
69,86
70,13
71,55
72,91
73,25
74,11
75,74
76,10
77,15
78,77
79,74
80,45
81,3
82,51
83,80
84,28
85,76
86,36
87,82
88,8
89,44
90,86
91,48
92,24
93,45
94,38
95,43
96,5
97,79
98,71
99,58
100,14
101,71
102,4
103,15
104,92
105,92
106,83
107,13
108,70
109,29
110,35
111,59
112,3
113,24
114,13
115,74
116,60
117,35
118,96
119,35
120,42
121,29
122,38
123,78
124,56
125,57
126,41
127,68
128,34
129,33
130,17
131,9
132,6
133,10
134,27
135,97
136,8
137,20
138,38
139,21
140,67
141,7
142,46
143,69
144,46
145,41
146,97
147,14
148,3
149,55
150,96
151,71
152,19
153,24
154,64
155,89
156,86
157,49
158,66
159,15
160,1
161,87
162,17
163,73
164,35
165,57
166,67
167,53
168,58
169,82
170,40
171,57
172,42
173,40
174,13
175,68
176,69
177,77
178,17
179,79
180,8
181,42
182,16
183,21
184,37
185,21
186,61
187,41
188,65
189,4
190,44
191,19
192,85
193,40
194,6
195,41
196,48
197,31
198,2
199,3
200,34
201,7
202,96
203,22
204,31
205,19
206,85
207,32
208,51
209,68
210,17
211,65
212,90
213,31
214,35
215,63
216,98
217,37
218,34
219,0
220,27
221,85
222,53
223,14
224,58
225,28
226,38
227,83
228,15
229,98
230,23
231,91
232,9
233,71
234,67
235,89
236,45
237,72
238,55
239,56
240,8
241,75
242,85
243,49
244,4
245,26
246,17
247,2
248,92
249,15
250,66
251,69
252,24
253,16
254,25
255,49
256,21
257,49
258,21
259,59
260,33
261,86
262,24
263,65
264,30
265,16
266,28
267,95
268,62
269,34
270,21
271,16
272,3
273,0
274,55
275,15
276,80
277,81
278,1
279,72
280,6
281,84
282,55
283,15
284,15
285,52
286,95
287,0
288,7
289,79
290,7
291,21
292,28
293,91
294,48
295,59
296,69
297,41
298,16
299,73
300,28
301,3
302,49
303,91
304,33
305,16
306,59
307,19
308,84
309,88
310,89
311,72
312,46
313,29
314,86
315,63
316,55
317,14
318,54
319,88
320,57
321,31
322,75
323,51
324,27
325,41
326,16
327,6
328,57
329,51
330,66
331,0
332,73
333,90
334,4
335,83
336,56
337,37
338,49
339,31
340,11
341,25
342,13
343,50
344,65
345,62
346,73
347,13
348,33
349,14
350,93
351,23
352,7
353,76
354,86
355,27
356,16
357,17
358,98
359,92
360,31
361,26
362,60
363,15
364,19
365,82
366,45
367,42
368,30
369,48
370,15
371,6
372,77
373,94
374,59
375,84
376,31
377,26
378,33
379,71
380,92
381,9
382,67
383,32
384,12
385,41
386,77
387,2
388,23
389,38
390,21
391,0
392,45
393,21
394,21
395,7
396,1
397,95
398,35
399,82
400,49
401,46
402,75
403,32
404,80
405,22
406,5
407,55
408,34
409,10
410,53
411,46
412,50
413,90
414,54
415,93
416,78
417,84
418,85
419,34
420,80
421,92
422,19
423,11
424,47
425,48
426,40
427,86
428,5
429,74
430,56
431,97
432,11
433,58
434,33
435,8
436,86
437,61
438,20
439,58
440,36
441,26
442,90
443,81
444,2
445,20
446,71
447,75
448,97
449,86
450,70
451,9
452,34
453,11
454,44
455,7
456,99
457,24
458,67
459,95
460,32
461,97
462,91
463,32
464,54
465,37
466,25
467,8
468,53
469,42
470,20
471,10
472,35
473,48
474,89
475,99
476,21
477,21
478,88
479,5
480,85
481,56
482,96
483,16
484,51
485,67
486,47
487,60
488,29
489,54
490,59
491,4
492,39
493,69
494,3
495,3
496,78
497,24
498,80
499,64
500,82
501,95
502,67
503,87
504,41
505,69
506,54
507,5
508,57
509,19
510,81
511,72
512,34
513,37
514,40
515,96
516,76
517,99
518,29
519,91
520,88
521,29
522,13
523,57
524,17
525,56
526,54
527,77
528,34
529,98
530,81
531,34
532,38
533,1
534,34
535,69
536,33
537,94
538,52
539,40
540,23
541,22
542,32
543,95
544,78
545,79
546,35
547,29
548,77
549,6
550,64
551,82
552,62
553,64
554,25
555,79
556,24
557,0
558,64
559,55
560,40
561,70
562,44
563,12
564,78
565,4
566,79
567,28
568,67
569,23
570,12
571,33
572,44
573,24
574,64
575,34
576,52
577,33
578,29
579,43
580,83
581,89
582,85
583,29
584,37
585,96
586,31
587,75
588,0
589,97
590,89
591,78
592,87
593,77
594,73
595,23
596,54
597,23
598,6
599,17
600,72
601,55
602,10
603,24
604,51
605,84
606,27
607,6
608,61
609,41
610,33
611,53
612,61
613,85
614,71
615,26
616,92
617,85
618,97
619,31
620,33
621,99
622,78
623,58
624,74
625,78
626,33
627,62
628,97
629,17
630,73
631,16
632,75
633,12
634,28
635,60
636,99
637,93
638,76
639,35
640,96
641,53
642,91
643,8
644,77
645,37
646,78
647,83
648,84
649,49
650,18
651,74
652,22
653,6
654,70
655,47
656,59
657,27
658,30
659,80
660,56
661,35
662,21
663,65
664,69
665,14
666,69
667,74
668,98
669,34
670,51
671,80
672,84
673,54
674,85
675,33
676,36
677,56
678,81
679,61
680,28
681,13
682,35
683,7
684,46
685,77
686,14
687,22
688,7
689,69
690,35
691,54
692,74
693,64
694,79
695,84
696,86
697,18
698,68
699,50
700,55
701,12
702,75
703,82
704,29
705,1
706,56
707,38
708,91
709,15
710,92
711,24
712,44
713,11
714,75
715,62
716,26
717,51
718,64
719,63
720,25
721,19
722,96
723,12
724,42
725,71
726,1
727,75
728,73
729,21
730,91
731,63
732,71
733,26
734,25
735,9
736,60
737,88
738,63
739,29
740,56
741,1
742,99
743,50
744,16
745,32
746,24
747,32
748,32
749,6
750,95
751,44
752,5
753,93
754,66
755,66
756,27
757,4
758,16
759,81
760,91
761,2
762,82
763,25
764,13
765,20
766,86
767,94
768,91
769,96
770,1
771,9
772,32
773,93
774,48
775,39
776,77
777,57
778,69
779,33
780,98
781,93
782,37
783,70
784,79
785,3
786,8
787,93
788,20
789,73
790,0
791,53
792,81
793,72
794,15
795,63
796,3
797,32
798,30
799,97
800,30
801,66
802,89
803,87
804,97
805,68
806,46
807,67
808,57
809,97
810,53
811,96
812,34
813,29
814,70
815,46
816,14
817,93
818,34
819,97
820,91
821,80
822,22
823,41
824,83
825,86
826,71
827,53
828,10
829,88
830,0
831,80
832,90
833,49
834,38
835,8
836,58
837,48
838,78
839,83
840,90
841,76
842,12
843,62
844,32
845,50
846,40
847,97
848,8
849,31
850,46
851,31
852,31
853,54
854,5
855,52
856,46
857,34
858,6
859,47
860,47
861,18
862,64
863,52
864,40
865,91
866,9
867,22
868,50
869,38
870,56
871,29
872,17
873,38
874,39
875,88
876,21
877,76
878,91
879,69
880,1
881,17
882,11
883,23
884,34
885,30
886,18
887,84
888,57
889,64
890,53
891,4
892,22
893,63
894,35
895,70
896,23
897,54
898,17
899,83
900,55
901,99
902,63
903,24
904,75
905,31
906,53
907,42
908,75
909,36
910,71
911,48
912,58
913,76
914,60
915,81
916,22
917,49
918,99
919,41
920,99
921,86
922,6
923,20
924,71
925,35
926,9
927,50
928,96
929,5
930,46
931,15
932,76
933,85
934,77
935,56
936,56
937,23
938,29
939,3
940,50
941,53
942,87
943,19
944,16
945,3
946,40
947,95
948,30
949,69
950,67
951,70
952,10
953,31
954,42
955,39
956,92
957,15
958,82
959,77
960,57
961,35
962,93
963,77
964,78
965,22
966,1
967,48
968,92
969,31
970,88
971,85
972,24
973,70
974,43
975,41
976,15
977,91
978,62
979,76
980,98
981,18
982,11
983,13
984,11
985,27
986,1
987,19
988,21
989,17
990,28
991,17
992,46
993,54
994,40
995,77
996,2
997,54
998,50
999,43
1000,2
1001,52
1002,51
1003,42
1004,70
1005,78
1006,28
1007,45
1008,96
1009,83
1010,42
1011,91
1012,44
1013,34
1014,73
1015,80
1016,61
1017,73
1018,16
1019,5
1020,90
1021,8
1022,61
1023,76
1024,38
1025,44
1026,37
1027,40
1028,99
1029,32
1030,75
1031,68
1032,85
1033,49
1034,7
1035,96
1036,36
1037,23
1038,19
1039,52
1040,74
1041,60
1042,73
1043,72
1044,14
1045,6
1046,13
1047,85
1048,4
1049,17
1050,40
1051,75
1052,68
1053,19
1054,31
1055,57
1056,73
1057,51
1058,45
1059,6
1060,6
1061,6
1062,55
1063,49
1064,80
1065,65
1066,1
1067,42
1068,42
1069,88
1070,10
1071,35
1072,29
1073,65
1074,26
1075,8
1076,0
1077,30
1078,43
1079,2
1080,88
1081,21
1082,68
1083,55
1084,61
1085,6
1086,60
1087,53
1088,76
1089,59
1090,21
1091,53
1092,91
1093,55
1094,73
1095,5
1096,78
1097,43
1098,64
1099,52
1100,7
1101,55
1102,89
1103,69
1104,23
1105,83
1106,41
1107,61
1108,99
1109,95
1110,87
1111,91
1112,92
1113,41
1114,99
1115,33
1116,72
1117,74
1118,89
1119,61
1120,42
1121,26
1122,50
1123,91
1124,7
1125,69
1126,39
1127,95
1128,30
1129,4
1130,53
1131,43
1132,87
1133,77
1134,59
1135,67
1136,51
1137,5
1138,30
1139,42
1140,16
1141,81
1142,5
1143,17
1144,27
1145,82
1146,0
1147,64
1148,72
1149,70
1150,70
1151,40
1152,97
1153,62
1154,28
1155,88
1156,34
1157,0
1158,94
1159,54
1160,6
1161,93
1162,24
1163,92
1164,71
1165,15
1166,60
1167,15
1168,6
1169,8
1170,51
1171,82
1172,36
1173,58
1174,35
1175,64
1176,25
1177,13
1178,68
1179,90
1180,5
1181,63
1182,56
1183,86
1184,46
1185,49
1186,61
1187,14
1188,1
1189,28
1190,55
1191,9
1192,96
1193,55
1194,80
1195,51
1196,73
1197,85
1198,85
1199,30
1200,2
1201,86
1202,12
1203,82
1204,28
1205,34
1206,23
1207,84
1208,19
1209,75
1210,72
1211,87
1212,66
1213,47
1214,16
1215,15
1216,54
1217,37
1218,89
1219,93
1220,34
1221,97
1222,22
1223,11
1224,93
1225,95
1226,98
1227,92
1228,48
1229,59
1230,83
1231,48
1232,29
1233,39
1234,57
1235,15
1236,72
1237,54
1238,27
1239,19
1240,10
1241,73
1242,49
1243,46
1244,54
1245,68
1246,99
1247,57
1248,29
1249,19
1250,61
1251,12
1252,15
1253,0
1254,92
1255,2
1256,97
1257,66
1258,13
1259,52
1260,11
1261,76
1262,27
1263,72
1264,68
1265,7
1266,81
1267,44
1268,77
1269,48
1270,45
1271,67
1272,5
1273,45
1274,36
1275,64
1276,16
1277,18
1278,11
1279,84
1280,15
1281,76
1282,45
1283,77
1284,56
1285,34
1286,1
1287,63
1288,28
1289,74
1290,21
1291,99
1292,26
1293,63
1294,85
1295,92
1296,46
1297,38
1298,96
1299,53
1300,16
1301,95
1302,12
1303,48
1304,33
1305,91
1306,30
1307,39
1308,94
1309,15
1310,20
1311,45
1312,25
1313,36
1314,66
1315,81
1316,80
1317,51
1318,51
1319,19
1320,96
1321,42
1322,75
1323,18
1324,2
1325,75
1326,39
1327,7
1328,73
1329,10
1330,41
1331,73
1332,24
1333,66
1334,38
1335,94
1336,82
1337,97
1338,24
1339,56
1340,0
1341,30
1342,34
1343,3
1344,3
1345,38
1346,20
1347,49
1348,93
1349,23
1350,26
1351,74
1352,40
1353,15
1354,20
1355,63
1356,74
1357,56
1358,55
1359,60
1360,88
1361,29
1362,36
1363,67
1364,96
1365,24
1366,46
1367,20
1368,7
1369,80
1370,36
1371,48
1372,97
1373,67
1374,20
1375,11
1376,1
1377,8
1378,14
1379,5
1380,34
1381,24
1382,2
1383,40
1384,16
1385,58
1386,29
1387,53
1388,22
1389,14
1390,68
1391,75
1392,88
1393,77
1394,31
1395,82
1396,35
1397,1
1398,75
1399,25
1400,79
1401,50
1402,69
1403,38
1404,9
1405,17
1406,51
1407,63
1408,91
1409,6
1410,98
1411,21
1412,33
1413,10
1414,17
1415,26
1416,4
1417,76
1418,33
1419,85
1420,63
1421,20
1422,5
1423,63
1424,7
1425,56
1426,75
1427,66
1428,56
1429,66
1430,97
1431,71
1432,7
1433,20
1434,43
1435,89
1436,23
1437,72
1438,83
1439,25
1440,34
1441,40
1442,94
1443,25
1444,21
1445,24
1446,67
1447,33
1448,6
1449,80
1450,21
1451,28
1452,78
1453,36
1454,41
1455,38
1456,21
1457,55
1458,33
1459,28
1460,7
1461,89
1462,2
1463,53
1464,31
1465,91
1466,7
1467,52
1468,3
1469,26
1470,28
1471,80
1472,58
1473,40
1474,37
1475,70
1476,60
1477,64
1478,51
1479,72
1480,76
1481,85
1482,44
1483,6
1484,1
1485,6
1486,79
1487,52
1488,15
1489,81
1490,13
1491,21
1492,77
1493,25
1494,84
1495,17
1496,70
1497,14
1498,2
1499,37
1500,52
1501,99
1502,60
1503,67
1504,2
1505,97
1506,98
1507,88
1508,59
1509,15
1510,24
1511,60
1512,44
1513,91
1514,46
1515,77
1516,40
1517,86
1518,21
1519,26
1520,31
1521,28
1522,94
1523,8
1524,23
1525,8
1526,75
1527,1
1528,27
1529,27
1530,67
1531,90
1532,11
1533,94
1534,40
1535,18
1536,76
1537,82
1538,52
1539,72
1540,1
1541,82
1542,22
1543,87
1544,54
1545,24
1546,48
1547,51
1548,71
1549,47
1550,4
1551,25
1552,70
1553,28
1554,32
1555,3
1556,69
1557,80
1558,90
1559,2
1560,52
1561,68
1562,7
1563,3
1564,2
1565,2
1566,70
1567,69
1568,82
1569,5
1570,26
1571,5
1572,4
1573,42
1574,39
1575,51
1576,91
1577,24
1578,54
1579,84
1580,90
1581,96
1582,21
1583,74
1584,6
1585,64
1586,69
1587,95
1588,32
1589,48
1590,50
1591,8
1592,86
1593,1
1594,2
1595,50
1596,24
1597,19
1598,75
1599,83
1600,21
1601,98
1602,89
1603,45
1604,49
1605,3
1606,84
1607,50
1608,85
1609,25
1610,37
1611,64
1612,21
1613,92
1614,84
1615,61
1616,37
1617,9
1618,41
1619,25
1620,54
1621,9
1622,41
1623,12
1624,15
1625,31
1626,84
1627,49
1628,30
1629,90
1630,40
1631,85
1632,9
1633,54
1634,72
1635,56
1636,47
1637,75
1638,14
1639,15
1640,28
1641,30
1642,27
1643,35
1644,60
1645,38
1646,29
1647,52
1648,48
1649,15
1650,57
1651,85
1652,1
1653,7
1654,86
1655,22
1656,14
1657,38
1658,59
1659,59
1660,43
1661,25
1662,97
1663,94
1664,54
1665,15
1666,13
1667,89
1668,61
1669,26
1670,71
1671,90
1672,49
1673,81
1674,74
1675,12
1676,15
1677,88
1678,44
1679,97
1680,65
1681,1
1682,11
1683,10
1684,58
1685,28
1686,59
1687,68
1688,24
1689,91
1690,90
1691,30
1692,24
1693,71
1694,51
1695,25
1696,93
1697,18
1698,83
1699,73
1700,19
1701,19
1702,15
1703,49
1704,83
1705,51
1706,94
1707,1
1708,36
1709,86
1710,77
1711,58
1712,86
1713,13
1714,59
1715,78
1716,6
1717,41
1718,18
1719,56
1720,67
1721,95
1722,0
1723,37
1724,47
1725,68
1726,23
1727,36
1728,16
1729,63
1730,96
1731,4
1732,41
1733,27
1734,66
1735,69
1736,72
1737,8
1738,24
1739,92
1740,19
1741,43
1742,39
1743,86
1744,29
1745,65
1746,67
1747,45
1748,25
1749,18
1750,45
1751,98
1752,70
1753,50
1754,22
1755,71
1756,37
1757,53
1758,34
1759,18
1760,60
1761,61
1762,55
1763,27
1764,12
1765,66
1766,18
1767,88
1768,13
1769,96
1770,98
1771,84
1772,21
1773,43
1774,51
1775,26
1776,85
1777,49
1778,22
1779,51
1780,1
1781,57
1782,95
1783,24
1784,36
1785,24
1786,80
1787,13
1788,40
1789,90
1790,83
1791,73
1792,22
1793,13
1794,35
1795,72
1796,60
1797,41
1798,81
1799,36
1800,1
1801,43
1802,62
1803,54
1804,52
1805,33
1806,6
1807,35
1808,29
1809,12
1810,9
1811,65
1812,72
1813,20
1814,19
1815,75
1816,91
1817,67
1818,2
1819,15
1820,26
1821,30
1822,12
1823,59
1824,21
1825,5
1826,24
1827,56
1828,54
1829,12
1830,11
1831,21
1832,11
1833,56
1834,23
1835,98
1836,76
1837,22
1838,44
1839,73
1840,39
1841,27
1842,51
1843,50
1844,47
1845,33
1846,35
1847,22
1848,6
1849,67
1850,52
1851,48
1852,23
1853,21
1854,38
1855,50
1856,61
1857,36
1858,68
1859,22
1860,62
1861,20
1862,78
1863,86
1864,58
1865,90
1866,74
1867,52
1868,76
1869,20
1870,55
1871,82
1872,61
1873,99
1874,88
1875,76
1876,85
1877,69
1878,99
1879,77
1880,42
1881,32
1882,30
1883,94
1884,60
1885,88
1886,60
1887,86
1888,43
1889,64
1890,88
1891,94
1892,95
1893,5
1894,86
1895,35
1896,86
1897,16
1898,7
1899,42
1900,29
1901,44
1902,91
1903,73
1904,94
1905,22
1906,30
1907,52
1908,61
1909,72
1910,30
1911,39
1912,10
1913,18
1914,80
1915,96
1916,43
1917,75
1918,92
1919,99
1920,43
1921,63
1922,18
1923,27
1924,80
1925,18
1926,24
1927,91
1928,49
1929,7
1930,34
1931,92
1932,86
1933,33
1934,98
1935,30
1936,7
1937,9
1938,18
1939,82
1940,28
1941,33
1942,48
1943,91
1944,79
1945,62
1946,93
1947,74
1948,18
1949,88
1950,95
1951,99
1952,14
1953,37
1954,29
1955,44
1956,72
1957,84
1958,52
1959,43
1960,69
1961,23
1962,61
1963,64
1964,36
1965,19
1966,45
1967,6
1968,66
1969,58
1970,51
1971,46
1972,53
1973,21
1974,1
1975,95
1976,76
1977,22
1978,49
1979,20
1980,59
1981,22
1982,54
1983,26
1984,19
1985,49
1986,89
1987,7
1988,54
1989,11
1990,36
1991,80
1992,95
1993,98
1994,71
1995,40
1996,73
1997,88
1998,5
1999,80
2000,84
2001,43
2002,25
2003,12
2004,50
2005,45
2006,41
2007,47
2008,49
2009,23
2010,87
2011,66
2012,15
2013,97
2014,66
2015,9
2016,21
2017,33
2018,67
2019,72
2020,85
2021,51
2022,41
2023,54
2024,34
2025,88
2026,42
2027,79
2028,9
2029,46
2030,57
2031,50
2032,22
2033,49
2034,21
2035,49
2036,93
2037,2
2038,42
2039,20
2040,81
2041,73
2042,94
2043,38
2044,83
2045,17
2046,5
2047,3
2048,90
2049,55
2050,64
2051,94
2052,31
2053,75
2054,85
2055,68
2056,92
2057,42
2058,85
2059,84
2060,49
2061,89
2062,59
2063,98
2064,43
2065,91
2066,70
2067,65
2068,17
2069,25
2070,34
2071,29
2072,66
2073,22
2074,3
2075,87
2076,44
2077,37
2078,63
2079,44
2080,55
2081,47
2082,68
2083,15
2084,47
2085,6
2086,44
2087,35
2088,51
2089,92
2090,19
2091,16
2092,89
2093,32
2094,64
2095,36
2096,32
2097,79
2098,18
2099,62
2100,44
2101,49
2102,58
2103,18
2104,39
2105,6
2106,89
2107,38
2108,18
2109,92
2110,2
2111,81
2112,7
2113,99
2114,0
2115,64
2116,49
2117,89
2118,37
2119,58
2120,19
2121,67
2122,30
2123,32
2124,27
2125,47
2126,84
2127,82
2128,22
2129,43
2130,65
2131,78
2132,62
2133,72
2134,55
2135,49
2136,12
2137,25
2138,90
2139,16
2140,16
2141,92
2142,90
2143,47
2144,36
2145,1
2146,30
2147,25
2148,51
2149,65
2150,81
2151,2
2152,54
2153,5
2154,49
2155,53
2156,48
2157,17
2158,56
2159,36
2160,60
2161,60
2162,78
2163,11
2164,10
2165,62
2166,10
2167,76
2168,7
2169,51
2170,14
2171,38
2172,94
2173,44
2174,29
2175,37
2176,16
2177,25
2178,47
2179,88
2180,70
2181,26
2182,37
2183,69
2184,78
2185,34
2186,59
2187,92
2188,5
2189,99
2190,68
2191,37
2192,3
2193,24
2194,7
2195,97
2196,86
2197,49
2198,9
2199,97
2200,42
2201,83
2202,57
2203,39
2204,38
2205,6
2206,24
2207,11
2208,54
2209,58
2210,3
2211,67
2212,31
2213,7
2214,44
2215,69
2216,40
2217,62
2218,71
2219,14
2220,94
2221,93
2222,43
2223,53
2224,58
2225,60
2226,77
2227,91
2228,37
2229,58
2230,8
2231,4
2232,61
2233,93
2234,67
2235,66
2236,46
2237,14
2238,46
2239,3
2240,97
2241,43
2242,43
2243,99
2244,41
2245,3
2246,67
2247,91
2248,85
2249,0
2250,24
2251,90
2252,63
2253,88
2254,53
2255,19
2256,58
2257,60
2258,89
2259,18
2260,99
2261,86
2262,87
2263,94
2264,98
2265,57
2266,91
2267,69
2268,5
2269,82
2270,23
2271,74
2272,1
2273,19
2274,87
2275,74
2276,28
2277,93
2278,16
2279,63
2280,11
2281,45
2282,58
2283,21
2284,95
2285,30
2286,88
2287,86
2288,77
2289,41
2290,68
2291,27
2292,70
2293,5
2294,26
2295,5
2296,18
2297,8
2298,60
2299,96
2300,68
2301,2
2302,41
2303,41
2304,99
2305,67
2306,14
2307,92
2308,2
2309,83
2310,44
2311,17
2312,22
2313,24
2314,60
2315,69
2316,52
2317,16
2318,50
2319,73
2320,96
2321,7
2322,17
2323,23
2324,99
2325,61
2326,97
2327,30
2328,43
2329,41
2330,78
2331,68
2332,63
2333,49
2334,20
2335,86
2336,14
2337,45
2338,17
2339,6
2340,17
2341,14
2342,73
2343,54
2344,93
2345,48
2346,54
2347,40
2348,61
2349,76
2350,96
2351,21
2352,97
2353,61
2354,23
2355,60
2356,55
2357,15
2358,45
2359,25
2360,5
2361,50
2362,91
2363,57
2364,88
2365,25
2366,86
2367,46
2368,43
2369,32
2370,8
2371,44
2372,91
2373,6
2374,1
2375,15
2376,36
2377,38
2378,56
2379,92
2380,21
2381,33
2382,48
2383,94
2384,53
2385,77
2386,67
2387,50
2388,7
2389,42
2390,47
2391,75
2392,23
2393,47
2394,53
2395,52
2396,48
2397,15
2398,81
2399,82
2400,40
2401,60
2402,71
2403,79
2404,40
2405,72
2406,26
2407,78
2408,99
2409,40
2410,41
2411,13
2412,48
2413,60
2414,74
2415,89
2416,55
2417,7
2418,11
2419,24
2420,52
2421,47
2422,68
2423,66
2424,8
2425,8
2426,20
2427,38
2428,31
2429,32
2430,63
2431,9
2432,70
2433,41
2434,60
2435,11
2436,34
2437,89
2438,87
2439,52
2440,52
2441,4
2442,81
2443,26
2444,52
2445,99
2446,24
2447,47
2448,98
2449,14
2450,13
2451,48
2452,58
2453,83
2454,30
2455,81
2456,72
2457,73
2458,81
2459,58
2460,14
2461,88
2462,68
2463,25
2464,15
2465,6
2466,37
2467,68
2468,83
2469,20
2470,65
2471,24
2472,63
2473,3
2474,17
2475,84
2476,37
2477,91
2478,21
2479,89
2480,73
2481,27
2482,95
2483,59
2484,62
2485,85
2486,60
2487,21
2488,18
2489,43
2490,69
2491,40
2492,66
2493,59
2494,42
2495,18
2496,93
2497,81
2498,72
2499,59
2500,95
2501,62
2502,46
2503,18
2504,66
2505,67
2506,62
2507,61
2508,42
2509,47
2510,82
2511,49
2512,71
2513,25
2514,48
2515,35
2516,77
2517,60
2518,1
2519,9
2520,41
2521,14
2522,37
2523,35
2524,18
2525,82
2526,70
2527,44
2528,93
2529,99
2530,74
2531,99
2532,58
2533,58
2534,49
2535,95
2536,27
2537,52
2538,94
2539,25
2540,97
2541,94
2542,1
2543,2
2544,68
2545,21
2546,55
2547,45
2548,31
2549,41
2550,58
2551,68
2552,15
2553,48
2554,60
2555,15
2556,98
2557,16
2558,73
2559,75
2560,68
2561,22
2562,38
2563,35
2564,58
2565,88
2566,41
2567,25
2568,27
2569,14
2570,13
2571,64
2572,54
2573,6
2574,95
2575,6
2576,17
2577,99
2578,37
2579,62
2580,46
2581,69
2582,19
2583,0
2584,96
2585,45
2586,84
2587,45
2588,85
2589,20
2590,50
2591,84
2592,87
2593,92
2594,53
2595,97
2596,80
2597,86
2598,8
2599,42
2600,89
2601,81
2602,23
2603,54
2604,2
2605,90
2606,40
2607,28
2608,76
2609,1
2610,43
2611,36
2612,71
2613,89
2614,47
2615,36
2616,64
2617,66
2618,2
2619,55
2620,63
2621,96
2622,39
2623,39
2624,6
2625,49
2626,63
2627,74
2628,27
2629,21
2630,99
2631,18
2632,11
2633,10
2634,11
2635,99
2636,79
2637,34
2638,34
2639,84
2640,74
2641,86
2642,45
2643,72
2644,78
2645,65
2646,0
2647,81
2648,4
2649,51
2650,72
2651,28
2652,55
2653,51
2654,44
2655,34
2656,27
2657,85
2658,94
2659,41
2660,8
2661,81
2662,4
2663,10
2664,50
2665,84
2666,15
2667,28
2668,86
2669,64
2670,31
2671,85
2672,5
2673,52
2674,94
2675,51
2676,44
2677,98
2678,25
2679,23
2680,8
2681,79
2682,11
2683,52
2684,69
2685,93
2686,20
2687,66
2688,28
2689,14
2690,23
2691,64
2692,84
2693,77
2694,50
2695,62
2696,42
2697,61
2698,79
2699,33
2700,2
2701,80
2702,29
2703,39
2704,55
2705,72
2706,41
2707,30
2708,54
2709,77
2710,95
2711,92
2712,90
2713,9
2714,1
2715,86
2716,30
2717,12
2718,71
2719,31
2720,54
2721,68
2722,17
2723,74
2724,41
2725,85
2726,84
2727,19
2728,34
2729,37
2730,72
2731,70
2732,50
2733,11
2734,47
2735,68
2736,94
2737,48
2738,64
2739,54
2740,49
2741,68
2742,71
2743,74
2744,31
2745,46
2746,49
2747,9
2748,46
2749,79
2750,9
2751,52
2752,86
2753,46
2754,93
2755,38
2756,17
2757,82
2758,92
2759,79
2760,59
2761,98
2762,23
2763,52
2764,91
2765,28
2766,6
2767,3
2768,41
2769,52
2770,6
2771,0
2772,26
2773,37
2774,55
2775,12
2776,4
2777,35
2778,10
2779,34
2780,14
2781,94
2782,32
2783,84
2784,3
2785,42
2786,92
2787,71
2788,71
2789,98
2790,68
2791,37
2792,82
2793,82
2794,79
2795,85
2796,88
2797,95
2798,2
2799,31
2800,58
2801,13
2802,98
2803,9
2804,32
2805,34
2806,85
2807,74
2808,97
2809,5
2810,42
2811,67
2812,50
2813,70
2814,69
2815,61
2816,73
2817,10
2818,54
2819,20
2820,64
2821,18
2822,79
2823,84
2824,74
2825,18
2826,93
2827,85
2828,69
2829,70
2830,90
2831,25
2832,15
2833,39
2834,32
2835,88
2836,95
2837,13
2838,78
2839,74
2840,99
2841,89
2842,95
2843,72
2844,0
2845,62
2846,51
2847,24
2848,57
2849,48
2850,72
2851,75
2852,1
2853,9
2854,27
2855,84
2856,66
2857,78
2858,0
2859,72
2860,88
2861,82
2862,91
2863,58
2864,21
2865,94
2866,46
2867,99
2868,95
2869,89
2870,76
2871,98
2872,73
2873,64
2874,16
2875,62
2876,42
2877,71
2878,47
2879,60
2880,97
2881,66
2882,52
2883,10
2884,67
2885,56
2886,80
2887,3
2888,83
2889,79
2890,17
2891,35
2892,21
2893,31
2894,24
2895,5
2896,38
2897,31
2898,26
2899,79
2900,92
2901,2
2902,73
2903,74
2904,36
2905,2
2906,93
2907,45
2908,95
2909,89
2910,28
2911,74
2912,77
2913,72
2914,14
2915,61
2916,25
2917,89
2918,35
2919,18
2920,43
2921,62
2922,49
2923,83
2924,60
2925,79
2926,60
2927,65
2928,30
2929,83
2930,6
2931,93
2932,87
2933,95
2934,15
2935,72
2936,56
2937,16
2938,92
2939,51
2940,90
2941,11
2942,5
2943,61
2944,95
2945,94
2946,87
2947,77
2948,89
2949,27
2950,79
2951,82
2952,42
2953,90
2954,4
2955,53
2956,31
2957,61
2958,73
2959,95
2960,81
2961,3
2962,31
2963,5
2964,39
2965,22
2966,15
2967,29
2968,41
2969,37
2970,89
2971,6
2972,61
2973,69
2974,92
2975,70
2976,38
2977,84
2978,47
2979,75
2980,20
2981,93
2982,72
2983,57
2984,90
2985,17
2986,30
2987,77
2988,78
2989,45
2990,77
2991,23
2992,63
2993,75
2994,99
2995,57
2996,63
2997,35
2998,38
2999,13
3000,89
3001,22
3002,61
3003,18
3004,2
3005,16
3006,69
3007,10
3008,40
3009,96
3010,52
3011,86
3012,98
3013,65
3014,26
3015,40
3016,94
3017,74
3018,38
3019,73
3020,26
3021,43
3022,25
3023,19
3024,20
3025,32
3026,92
3027,97
3028,73
3029,97
3030,55
3031,74
3032,38
3033,50
3034,48
3035,0
3036,76
3037,16
3038,13
3039,72
3040,29
3041,18
3042,3
3043,7
3044,46
3045,75
3046,85
3047,28
3048,5
3049,1
3050,53
3051,80
3052,4
3053,74
3054,53
3055,91
3056,7
3057,23
3058,39
3059,68
3060,26
3061,14
3062,54
3063,53
3064,19
3065,84
3066,73
3067,87
3068,50
3069,79
3070,73
3071,69
3072,28
3073,74
3074,50
3075,17
3076,23
3077,75
3078,62
3079,90
3080,60
3081,56
3082,98
3083,30
3084,18
3085,82
3086,72
3087,98
3088,55
3089,86
3090,99
3091,23
3092,85
3093,30
3094,77
3095,85
3096,13
3097,85
3098,59
3099,64
3100,83
3101,45
3102,97
3103,64
3104,66
3105,57
3106,31
3107,45
3108,29
3109,50
3110,70
3111,42
3112,63
3113,2
3114,32
3115,37
3116,25
3117,95
3118,64
3119,33
3120,56
3121,7
3122,15
3123,48
3124,78
3125,92
3126,56
3127,7
3128,19
3129,14
3130,33
3131,64
3132,57
3133,81
3134,70
3135,36
3136,18
3137,4
3138,94
3139,0
3140,36
3141,77
3142,82
3143,28
3144,54
3145,47
3146,13
3147,10
3148,87
3149,26
3150,90
3151,23
3152,85
3153,33
3154,27
3155,88
3156,21
3157,97
3158,27
3159,9
3160,78
3161,47
3162,6
3163,90
3164,23
3165,76
3166,78
3167,41
3168,0
3169,92
3170,0
3171,53
3172,17
3173,57
3174,24
3175,42
3176,14
3177,36
3178,82
3179,23
3180,67
3181,3
3182,53
3183,77
3184,53
3185,71
3186,22
3187,33
3188,67
3189,21
3190,94
3191,68
3192,28
3193,86
3194,36
3195,72
3196,99
3197,1
3198,18
3199,61
3200,65
3201,4
3202,24
3203,51
3204,10
3205,39
3206,2
3207,37
3208,77
3209,23
3210,9
3211,3
3212,40
3213,84
3214,81
3215,95
3216,57
3217,43
3218,71
3219,40
3220,24
3221,21
3222,93
3223,44
3224,60
3225,97
3226,58
3227,88
3228,1
3229,55
3230,27
3231,11
3232,27
3233,14
3234,71
3235,12
3236,5
3237,23
3238,60
3239,73
3240,28
3241,78
3242,49
3243,44
3244,85
3245,29
3246,43
3247,23
3248,36
3249,89
3250,13
3251,28
3252,81
3253,39
3254,31
3255,92
3256,22
3257,7
3258,18
3259,21
3260,53
3261,87
3262,17
3263,68
3264,39
3265,38
3266,59
3267,17
3268,0
3269,2
3270,15
3271,41
3272,36
3273,45
3274,13
3275,88
3276,26
3277,18
3278,19
3279,37
3280,30
3281,34
3282,84
3283,27
3284,62
3285,28
3286,7
3287,76
3288,44
3289,47
3290,57
3291,23
3292,30
3293,88
3294,21
3295,99
3296,7
3297,5
3298,52
3299,24
3300,95
3301,92
3302,68
3303,26
3304,67
3305,41
3306,6
3307,41
3308,36
3309,62
3310,9
3311,14
3312,54
3313,55
3314,15
3315,10
3316,32
3317,97
3318,8
3319,81
3320,27
3321,27
3322,9
3323,66
3324,92
3325,26
3326,0
3327,74
3328,86
3329,8
3330,84
3331,97
3332,54
3333,66
3334,82
3335,51
3336,57
3337,22
3338,37
3339,60
3340,72
3341,33
3342,3
3343,96
3344,54
3345,21
3346,88
3347,92
3348,48
3349,58
3350,34
3351,92
3352,98
3353,77
3354,2
3355,87
3356,35
3357,46
3358,55
3359,45
3360,60
3361,71
3362,23
3363,88
3364,29
3365,7
3366,47
3367,89
3368,95
3369,78
3370,98
3371,13
3372,49
3373,48
3374,0
3375,46
3376,94
3377,17
3378,54
3379,1
3380,4
3381,41
3382,79
3383,39
3384,82
3385,25
3386,52
3387,26
3388,55
3389,16
3390,71
3391,43
3392,7
3393,38
3394,64
3395,10
3396,48
3397,2
3398,6
3399,47
3400,41
3401,4
3402,46
3403,18
3404,12
3405,56
3406,18
3407,50
3408,97
3409,48
3410,75
3411,96
3412,74
3413,47
3414,89
3415,34
3416,94
3417,61
3418,81
3419,50
3420,88
3421,15
3422,83
3423,79
3424,30
3425,10
3426,23
3427,79
3428,69
3429,42
3430,45
3431,41
3432,71
3433,10
3434,21
3435,57
3436,90
3437,74
3438,86
3439,50
3440,5
3441,75
3442,59
3443,42
3444,18
3445,28
3446,4
3447,10
3448,94
3449,72
3450,84
3451,79
3452,8
3453,35
3454,7
3455,76
3456,66
3457,95
3458,17
3459,91
3460,20
3461,68
3462,96
3463,39
3464,79
3465,1
3466,17
3467,36
3468,78
3469,84
3470,36
3471,77
3472,81
3473,87
3474,43
3475,10
3476,38
3477,12
3478,98
3479,66
3480,59
3481,94
3482,63
3483,40
3484,25
3485,47
3486,48
3487,24
3488,73
3489,13
3490,43
3491,63
3492,1
3493,76
3494,31
3495,95
3496,94
3497,51
3498,18
3499,53
3500,33
3501,3
3502,74
3503,63
3504,63
3505,70
3506,71
3507,48
3508,51
3509,22
3510,82
3511,26
3512,18
3513,41
3514,84
3515,18
3516,64
3517,39
3518,48
3519,20
3520,4
3521,69
3522,46
3523,95
3524,88
3525,75
3526,64
3527,13
3528,50
3529,98
3530,53
3531,33
3532,84
3533,68
3534,65
3535,29
3536,78
3537,22
3538,71
3539,86
3540,21
3541,65
3542,41
3543,99
3544,42
3545,59
3546,72
3547,90
3548,72
3549,3
3550,19
3551,46
3552,40
3553,95
3554,28
3555,68
3556,95
3557,21
3558,50
3559,20
3560,86
3561,70
3562,45
3563,38
3564,39
3565,58
3566,5
3567,78
3568,0
3569,57
3570,89
3571,26
3572,93
3573,15
3574,70
3575,37
3576,71
3577,14
3578,49
3579,86
3580,18
3581,8
3582,77
3583,85
3584,98
3585,23
3586,62
3587,61
3588,74
3589,32
3590,46
3591,53
3592,19
3593,67
3594,89
3595,35
3596,61
3597,56
3598,38
3599,39
3600,39
3601,68
3602,17
3603,45
3604,0
3605,1
3606,93
3607,99
3608,3
3609,38
3610,46
3611,36
3612,5
3613,1
3614,16
3615,42
3616,70
3617,90
3618,84
3619,32
3620,35
3621,63
3622,80
3623,91
3624,3
3625,27
3626,28
3627,77
3628,21
3629,19
3630,87
3631,83
3632,70
3633,27
3634,94
3635,59
3636,2
3637,65
3638,12
3639,39
3640,0
3641,86
3642,27
3643,66
3644,4
3645,72
3646,13
3647,97
3648,40
3649,42
3650,21
3651,78
3652,46
3653,77
3654,47
3655,96
3656,11
3657,61
3658,31
3659,54
3660,89
3661,91
3662,26
3663,31
3664,31
3665,63
3666,42
3667,4
3668,43
3669,5
3670,84
3671,3
3672,7
3673,18
3674,87
3675,14
3676,42
3677,51
3678,91
3679,46
3680,23
3681,53
3682,79
3683,15
3684,75
3685,41
3686,57
3687,53
3688,51
3689,14
3690,7
3691,35
3692,25
3693,52
3694,27
3695,18
3696,23
3697,60
3698,78
3699,52
3700,49
3701,93
3702,53
3703,32
3704,94
3705,63
3706,68
3707,25
3708,33
3709,83
3710,64
3711,96
3712,73
3713,77
3714,83
3715,63
3716,90
3717,27
3718,51
3719,65
3720,31
3721,57
3722,43
3723,64
3724,43
3725,71
3726,24
3727,50
3728,88
3729,58
3730,24
3731,39
3732,13
3733,15
3734,62
3735,6
3736,16
3737,68
3738,20
3739,66
3740,93
3741,15
3742,99
3743,59
3744,38
3745,94
3746,73
3747,86
3748,81
3749,94
3750,97
3751,80
3752,3
3753,23
3754,85
3755,79
3756,55
3757,71
3758,25
3759,94
3760,16
3761,84
3762,5
3763,77
3764,23
3765,6
3766,74
3767,26
3768,89
3769,44
3770,65
3771,53
3772,34
3773,73
3774,29
3775,13
3776,15
3777,49
3778,73
3779,54
3780,82
3781,50
3782,37
3783,74
3784,44
3785,55
3786,5
3787,70
3788,85
3789,1
3790,17
3791,59
3792,85
3793,90
3794,38
3795,53
3796,87
3797,69
3798,22
3799,27
3800,59
3801,57
3802,67
3803,1
3804,53
3805,99
3806,72
3807,2
3808,71
3809,68
3810,46
3811,34
3812,23
3813,8
3814,30
3815,22
3816,19
3817,73
3818,0
3819,50
3820,77
3821,30
3822,95
3823,96
3824,60
3825,32
3826,9
3827,2
3828,86
3829,49
3830,6
3831,37
3832,18
3833,77
3834,24
3835,30
3836,36
3837,25
3838,22
3839,70
3840,55
3841,50
3842,8
3843,83
3844,39
3845,66
3846,4
3847,50
3848,71
3849,4
3850,40
3851,51
3852,14
3853,95
3854,69
3855,85
3856,8
3857,39
3858,14
3859,73
3860,18
3861,62
3862,11
3863,45
3864,66
3865,82
3866,73
3867,97
3868,78
3869,19
3870,51
3871,54
3872,94
3873,7
3874,93
3875,96
3876,61
3877,32
3878,76
3879,49
3880,95
3881,22
3882,28
3883,33
3884,59
3885,97
3886,55
3887,25
3888,93
3889,37
3890,2
3891,0
3892,32
3893,18
3894,10
3895,55
3896,90
3897,15
3898,2
3899,57
3900,97
3901,12
3902,0
3903,31
3904,92
3905,28
3906,98
3907,63
3908,70
3909,18
3910,0
3911,12
3912,38
3913,20
3914,76
3915,63
3916,13
3917,16
3918,70
3919,26
3920,81
3921,48
3922,53
3923,93
3924,35
3925,85
3926,35
3927,20
3928,76
3929,15
3930,5
3931,65
3932,77
3933,41
3934,58
3935,48
3936,18
3937,36
3938,36
3939,7
3940,53
3941,45
3942,16
3943,20
3944,5
3945,15
3946,93
3947,9
3948,48
3949,53
3950,24
3951,13
3952,88
3953,97
3954,84
3955,69
3956,14
3957,91
3958,58
3959,39
3960,88
3961,25
3962,3
3963,68
3964,81
3965,74
3966,6
3967,20
3968,5
3969,61
3970,81
3971,70
3972,79
3973,32
3974,21
3975,35
3976,95
3977,91
3978,52
3979,84
3980,79
3981,43
3982,47
3983,63
3984,10
3985,68
3986,2
3987,7
3988,49
3989,86
3990,27
3991,4
3992,51
3993,5
3994,65
3995,37
3996,45
3997,29
3998,94
3999,19
4000,48
4001,48
4002,43
4003,7
4004,4
4005,98
4006,16
4007,45
4008,10
4009,51
4010,58
4011,95
4012,1
4013,65
4014,17
4015,94
4016,43
4017,34
4018,77
4019,58
4020,3
4021,85
4022,6
4023,50
4024,63
4025,2
4026,23
4027,86
4028,17
4029,8
4030,46
4031,89
4032,27
4033,78
4034,16
4035,71
4036,48
4037,58
4038,82
4039,14
4040,87
4041,55
4042,93
4043,90
4044,4
4045,92
4046,16
4047,75
4048,82
4049,70
4050,74
4051,60
4052,62
4053,2
4054,97
4055,0
4056,27
4057,21
4058,51
4059,33
4060,87
4061,6
4062,12
4063,2
4064,18
4065,60
4066,41
4067,89
4068,53
4069,20
4070,79
4071,78
4072,59
4073,30
4074,86
4075,55
4076,38
4077,15
4078,72
4079,45
4080,77
4081,1
4082,99
4083,20
4084,40
4085,8
4086,10
4087,17
4088,18
4089,76
4090,39
4091,73
4092,10
4093,41
4094,30
4095,84
4096,21
4097,75
4098,29
4099,43
4100,40
4101,42
4102,84
4103,79
4104,33
4105,39
4106,61
4107,53
4108,9
4109,39
4110,83
4111,36
4112,86
4113,5
4114,24
4115,5
4116,52
4117,73
4118,9
4119,95
4120,63
4121,39
4122,25
4123,17
4124,79
4125,40
4126,60
4127,71
4128,96
4129,20
4130,76
4131,9
4132,79
4133,40
4134,52
4135,60
4136,47
4137,33
4138,39
4139,47
4140,6
4141,79
4142,52
4143,52
4144,15
4145,99
4146,98
4147,19
4148,78
4149,12
4150,83
4151,63
4152,51
4153,59
4154,4
4155,76
4156,20
4157,43
4158,98
4159,84
4160,99
4161,46
4162,67
4163,45
4164,5
4165,65
4166,92
4167,43
4168,18
4169,82
4170,97
4171,85
4172,96
4173,3
4174,44
4175,2
4176,61
4177,21
4178,77
4179,46
4180,73
4181,76
4182,42
4183,65
4184,55
4185,29
4186,19
4187,26
4188,33
4189,37
4190,28
4191,35
4192,16
4193,72
4194,28
4195,81
4196,99
4197,35
4198,62
4199,94
4200,21
4201,55
4202,18
4203,73
4204,93
4205,94
4206,52
4207,46
4208,97
4209,30
4210,92
4211,27
4212,58
4213,18
4214,94
4215,92
4216,41
4217,59
4218,85
4219,15
4220,57
4221,2
4222,0
4223,39
4224,71
4225,67
4226,45
4227,11
4228,40
4229,98
4230,14
4231,33
4232,53
4233,61
4234,9
4235,21
4236,58
4237,86
4238,24
4239,66
4240,72
4241,80
4242,24
4243,5
4244,54
4245,24
4246,30
4247,29
4248,34
4249,11
4250,58
4251,2
4252,96
4253,39
4254,27
4255,14
4256,9
4257,98
4258,73
4259,60
4260,27
4261,50
4262,72
4263,69
4264,84
4265,49
4266,62
4267,38
4268,46
4269,10
4270,35
4271,12
4272,64
4273,54
4274,13
4275,1
4276,60
4277,91
4278,2
4279,33
4280,89
4281,20
4282,15
4283,43
4284,97
4285,40
4286,34
4287,81
4288,57
4289,82
4290,67
4291,32
4292,90
4293,5
4294,22
4295,91
4296,56
4297,46
4298,99
4299,23
4300,21
4301,32
4302,27
4303,15
4304,49
4305,47
4306,19
4307,70
4308,90
4309,21
4310,78
4311,89
4312,1
4313,31
4314,82
4315,69
4316,15
4317,82
4318,54
4319,34
4320,59
4321,23
4322,45
4323,49
4324,94
4325,4
4326,7
4327,34
4328,46
4329,41
4330,36
4331,60
4332,89
4333,37
4334,36
4335,53
4336,43
4337,4
4338,59
4339,17
4340,32
4341,96
4342,65
4343,99
4344,0
4345,86
4346,93
4347,83
4348,5
4349,0
4350,22
4351,62
4352,12
4353,53
4354,20
4355,68
4356,76
4357,18
4358,57
4359,54
4360,93
4361,0
4362,66
4363,57
4364,36
4365,65
4366,81
4367,63
4368,63
4369,24
4370,43
4371,33
4372,2
4373,37
4374,36
4375,6
4376,13
4377,61
4378,51
4379,13
4380,72
4381,2
4382,59
4383,36
4384,77
4385,51
4386,23
4387,23
4388,63
4389,22
4390,92
4391,90
4392,70
4393,66
4394,53
4395,91
4396,94
4397,86
4398,90
4399,42
4400,22
4401,63
4402,26
4403,46
4404,84
4405,49
4406,30
4407,21
4408,21
4409,5
4410,26
4411,14
4412,31
4413,89
4414,95
4415,84
4416,44
4417,83
4418,50
4419,90
4420,21
4421,8
4422,51
4423,1
4424,70
4425,18
4426,47
4427,45
4428,39
4429,63
4430,82
4431,97
4432,97
4433,53
4434,48
4435,81
4436,57
4437,27
4438,78
4439,73
4440,84
4441,47
4442,99
4443,56
4444,34
4445,59
4446,95
4447,71
4448,53
4449,43
4450,34
4451,42
4452,0
4453,40
4454,15
4455,20
4456,45
4457,44
4458,25
4459,28
4460,76
4461,20
4462,3
4463,8
4464,8
4465,32
4466,72
4467,46
4468,59
4469,96
4470,44
4471,80
4472,84
4473,48
4474,56
4475,4
4476,92
4477,22
4478,93
4479,40
4480,13
4481,81
4482,4
4483,82
4484,51
4485,18
4486,36
4487,70
4488,28
4489,9
4490,53
4491,69
4492,34
4493,64
4494,3
4495,39
4496,83
4497,80
4498,33
4499,85
4500,69
4501,14
4502,20
4503,56
4504,50
4505,4
4506,58
4507,57
4508,74
4509,46
4510,84
4511,59
4512,64
4513,13
4514,71
4515,64
4516,20
4517,73
4518,81
4519,66
4520,48
4521,1
4522,8
4523,17
4524,20
4525,66
4526,16
4527,50
4528,84
4529,35
4530,5
4531,86
4532,46
4533,48
4534,33
4535,22
4536,89
4537,40
4538,54
4539,5
4540,42
4541,72
4542,59
4543,9
4544,13
4545,61
4546,47
4547,76
4548,49
4549,62
4550,93
4551,60
4552,32
4553,2
4554,56
4555,85
4556,26
4557,95
4558,43
4559,28
4560,38
4561,40
4562,1
4563,30
4564,61
4565,17
4566,62
4567,72
4568,59
4569,83
4570,6
4571,59
4572,39
4573,23
4574,16
4575,41
4576,61
4577,20
4578,41
4579,59
4580,2
4581,66
4582,9
4583,71
4584,51
4585,4
4586,39
4587,1
4588,6
4589,52
4590,50
4591,87
4592,5
4593,90
4594,73
4595,73
4596,74
4597,99
4598,18
4599,93
4600,65
4601,53
4602,12
4603,67
4604,59
4605,21
4606,92
4607,32
4608,47
4609,65
4610,3
4611,29
4612,49
4613,91
4614,44
4615,12
4616,94
4617,21
4618,12
4619,59
4620,82
4621,42
4622,21
4623,8
4624,27
4625,9
4626,95
4627,3
4628,75
4629,26
4630,76
4631,92
4632,50
4633,36
4634,30
4635,51
4636,39
4637,40
4638,14
4639,10
4640,9
4641,97
4642,8
4643,81
4644,11
4645,91
4646,90
4647,52
4648,84
4649,99
4650,45
4651,7
4652,96
4653,80
4654,93
4655,36
4656,22
4657,91
4658,51
4659,84
4660,59
4661,29
4662,57
4663,4
4664,91
4665,38
4666,64
4667,68
4668,20
4669,38
4670,3
4671,99
4672,66
4673,73
4674,92
4675,65
4676,75
4677,96
4678,1
4679,59
4680,46
4681,32
4682,50
4683,2
4684,38
4685,60
4686,76
4687,6
4688,95
4689,90
4690,26
4691,53
4692,45
4693,36
4694,69
4695,63
4696,47
4697,11
4698,63
4699,24
4700,67
4701,8
4702,65
4703,80
4704,78
4705,31
4706,4
4707,65
4708,1
4709,17
4710,94
4711,68
4712,69
4713,94
4714,3
4715,63
4716,12
4717,79
4718,12
4719,30
4720,42
4721,59
4722,70
4723,5
4724,54
4725,24
4726,56
4727,83
4728,9
4729,53
4730,52
4731,4
4732,90
4733,61
4734,90
4735,88
4736,22
4737,17
4738,73
4739,48
4740,95
4741,30
4742,53
4743,20
4744,12
4745,60
4746,21
4747,40
4748,96
4749,23
4750,85
4751,99
4752,66
4753,42
4754,16
4755,29
4756,45
4757,47
4758,77
4759,5
4760,26
4761,25
4762,56
4763,64
4764,5
4765,11
4766,74
4767,64
4768,70
4769,88
4770,26
4771,37
4772,7
4773,80
4774,60
4775,14
4776,39
4777,61
4778,61
4779,11
4780,54
4781,96
4782,93
4783,3
4784,97
4785,36
4786,21
4787,83
4788,4
4789,45
4790,84
4791,19
4792,6
4793,75
4794,8
4795,90
4796,7
4797,93
4798,21
4799,26
4800,10
4801,57
4802,67
4803,23
4804,67
4805,58
4806,72
4807,59
4808,3
4809,93
4810,24
4811,96
4812,24
4813,64
4814,85
4815,1
4816,81
4817,83
4818,6
4819,94
4820,8
4821,67
4822,57
4823,50
4824,83
4825,98
4826,7
4827,25
4828,21
4829,33
4830,4
4831,60
4832,49
4833,80
4834,73
4835,66
4836,3
4837,75
4838,51
4839,23
4840,77
4841,39
4842,93
4843,23
4844,27
4845,48
4846,82
4847,90
4848,88
4849,6
4850,52
4851,51
4852,80
4853,94
4854,30
4855,48
4856,16
4857,71
4858,7
4859,32
4860,50
4861,26
4862,10
4863,18
4864,98
4865,44
4866,39
4867,81
4868,72
4869,36
4870,23
4871,56
4872,96
4873,61
4874,49
4875,65
4876,6
4877,61
4878,15
4879,50
4880,55
4881,7
4882,40
4883,18
4884,36
4885,73
4886,58
4887,58
4888,21
4889,29
4890,36
4891,30
4892,96
4893,29
4894,51
4895,12
4896,16
4897,30
4898,95
4899,93
4900,35
4901,88
4902,67
4903,34
4904,18
4905,87
4906,28
4907,71
4908,56
4909,87
4910,16
4911,33
4912,66
4913,42
4914,9
4915,59
4916,8
4917,17
4918,52
4919,45
4920,71
4921,32
4922,72
4923,36
4924,84
4925,2
4926,6
4927,13
4928,80
4929,57
4930,50
4931,5
4932,43
4933,5
4934,31
4935,62
4936,29
4937,55
4938,53
4939,52
4940,72
4941,18
4942,56
4943,0
4944,58
4945,7
4946,14
4947,16
4948,46
4949,22
4950,84
4951,20
4952,13
4953,71
4954,92
4955,34
4956,28
4957,50
4958,56
4959,30
4960,13
4961,16
4962,45
4963,61
4964,7
4965,59
4966,79
4967,0
4968,8
4969,0
4970,77
4971,19
4972,86
4973,11
4974,85
4975,75
4976,75
4977,1
4978,76
4979,13
4980,85
4981,0
4982,0
4983,46
4984,63
4985,42
4986,59
4987,0
4988,18
4989,22
4990,31
4991,43
4992,9
4993,44
4994,57
4995,63
4996,0
4997,15
4998,52
4999,3
5000,37
5001,27
5002,10
5003,18
5004,6
5005,93
5006,64
5007,61
5008,94
5009,14
5010,80
5011,45
5012,43
5013,88
5014,49
5015,49
5016,35
5017,16
5018,88
5019,43
5020,75
5021,35
5022,16
5023,10
5024,4
5025,58
5026,22
5027,39
5028,78
5029,81
5030,57
5031,37
5032,8
5033,19
5034,25
5035,17
5036,61
5037,1
5038,50
5039,14
5040,22
5041,38
5042,85
5043,16
5044,32
5045,42
5046,14
5047,18
5048,24
5049,71
5050,17
5051,25
5052,6
5053,61
5054,63
5055,65
5056,45
5057,93
5058,21
5059,11
5060,30
5061,80
5062,34
5063,64
5064,64
5065,6
5066,7
5067,11
5068,12
5069,35
5070,30
5071,5
5072,18
5073,53
5074,83
5075,39
5076,28
5077,23
5078,24
5079,73
5080,43
5081,87
5082,23
5083,87
5084,81
5085,66
5086,51
5087,56
5088,57
5089,98
5090,42
5091,3
5092,40
5093,93
5094,90
5095,23
5096,92
5097,78
5098,76
5099,51
5100,10
5101,14
5102,80
5103,88
5104,36
5105,56
5106,70
5107,4
5108,91
5109,83
5110,45
5111,30
5112,19
5113,24
5114,40
5115,62
5116,42
5117,2
5118,83
5119,92
5120,70
5121,79
5122,57
5123,30
5124,41
5125,0
5126,89
5127,2
5128,10
5129,69
5130,97
5131,31
5132,79
5133,20
5134,98
5135,44
5136,81
5137,19
5138,34
5139,40
5140,0
5141,85
5142,0
5143,41
5144,80
5145,70
5146,91
5147,35
5148,57
5149,50
5150,98
5151,58
5152,65
5153,34
5154,69
5155,70
5156,57
5157,2
5158,28
5159,9
5160,70
5161,78
5162,87
5163,42
5164,31
5165,28
5166,73
5167,58
5168,49
5169,17
5170,10
5171,71
5172,91
5173,60
5174,72
5175,99
5176,80
5177,55
5178,19
5179,50
5180,84
5181,43
5182,59
5183,81
5184,21
5185,57
5186,39
5187,85
5188,68
5189,5
5190,27
5191,94
5192,68
5193,74
5194,36
5195,52
5196,96
5197,86
5198,78
5199,83
5200,4
5201,16
5202,69
5203,5
5204,59
5205,91
5206,76
5207,90
5208,33
5209,44
5210,51
5211,70
5212,85
5213,57
5214,30
5215,23
5216,75
5217,85
5218,11
5219,22
5220,2
5221,82
5222,90
5223,46
5224,59
5225,91
5226,14
5227,75
5228,5
5229,72
5230,9
5231,35
5232,23
5233,55
5234,90
5235,30
5236,82
5237,25
5238,95
5239,37
5240,75
5241,20
5242,4
5243,80
5244,46
5245,60
5246,81
5247,27
5248,67
5249,38
5250,17
5251,51
5252,64
5253,87
5254,17
5255,52
5256,89
5257,81
5258,95
5259,16
5260,52
5261,72
5262,63
5263,41
5264,79
5265,97
5266,24
5267,55
5268,79
5269,50
5270,84
5271,12
5272,65
5273,4
5274,41
5275,42
5276,96
5277,21
5278,97
5279,60
5280,91
5281,97
5282,71
5283,65
5284,82
5285,39
5286,29
5287,83
5288,83
5289,43
5290,29
5291,37
5292,58
5293,61
5294,80
5295,78
5296,32
5297,63
5298,43
5299,44
5300,36
5301,87
5302,22
5303,98
5304,63
5305,65
5306,76
5307,62
5308,30
5309,55
5310,6
5311,78
5312,62
5313,87
5314,47
5315,53
5316,86
5317,48
5318,87
5319,70
5320,15
5321,48
5322,72
5323,42
5324,1
5325,16
5326,56
5327,78
5328,94
5329,10
5330,42
5331,62
5332,79
5333,6
5334,98
5335,42
5336,78
5337,92
5338,80
5339,99
5340,80
5341,61
5342,54
5343,1
5344,92
5345,12
5346,45
5347,79
5348,36
5349,70
5350,56
5351,78
5352,7
5353,57
5354,22
5355,43
5356,16
5357,98
5358,71
5359,6
5360,62
5361,84
5362,96
5363,64
5364,53
5365,51
5366,80
5367,22
5368,97
5369,89
5370,31
5371,39
5372,36
5373,64
5374,17
5375,21
5376,77
5377,56
5378,35
5379,27
5380,47
5381,86
5382,44
5383,58
5384,20
5385,67
5386,81
5387,19
5388,86
5389,82
5390,11
5391,55
5392,45
5393,33
5394,63
5395,63
5396,92
5397,7
5398,77
5399,70
5400,31
5401,3
5402,48
5403,42
5404,23
5405,50
5406,62
5407,41
5408,83
5409,65
5410,64
5411,84
5412,78
5413,66
5414,47
5415,34
5416,4
5417,21
5418,11
5419,76
5420,2
5421,11
5422,77
5423,57
5424,32
5425,9
5426,15
5427,10
5428,85
5429,87
5430,39
5431,95
5432,97
5433,70
5434,86
5435,54
5436,90
5437,19
5438,72
5439,79
5440,48
5441,33
5442,5
5443,20
5444,56
5445,26
5446,18
5447,73
5448,99
5449,89
5450,69
5451,36
5452,98
5453,24
5454,17
5455,30
5456,85
5457,88
5458,22
5459,94
5460,89
5461,73
5462,86
5463,10
5464,18
5465,47
5466,2
5467,38
5468,68
5469,55
5470,84
5471,32
5472,90
5473,40
5474,96
5475,1
5476,75
5477,68
5478,0
5479,95
5480,47
5481,17
5482,78
5483,26
5484,2
5485,93
5486,15
5487,76
5488,93
5489,87
5490,75
5491,58
5492,2
5493,70
5494,10
5495,22
5496,33
5497,43
5498,91
5499,16
5500,62
5501,19
5502,45
5503,8
5504,99
5505,89
5506,60
5507,91
5508,56
5509,42
5510,98
5511,96
5512,6
5513,64
5514,79
5515,0
5516,46
5517,3
5518,86
5519,26
5520,28
5521,97
5522,26
5523,87
5524,61
5525,56
5526,71
5527,91
5528,77
5529,24
5530,30
5531,98
5532,10
5533,63
5534,64
5535,47
5536,11
5537,85
5538,8
5539,2
5540,55
5541,16
5542,13
5543,87
5544,91
5545,56
5546,0
5547,69
5548,45
5549,64
5550,89
5551,93
5552,43
5553,32
5554,10
5555,74
5556,21
5557,94
5558,28
5559,72
5560,9
5561,19
5562,57
5563,93
5564,27
5565,83
5566,78
5567,55
5568,58
5569,67
5570,21
5571,84
5572,22
5573,78
5574,27
5575,60
5576,9
5577,82
5578,90
5579,41
5580,32
5581,24
5582,81
5583,65
5584,64
5585,89
5586,81
5587,59
5588,42
5589,71
5590,60
5591,13
5592,85
5593,6
5594,58
5595,9
5596,47
5597,2
5598,5
5599,60
5600,60
5601,78
5602,69
5603,11
5604,55
5605,46
5606,72
5607,91
5608,76
5609,48
5610,69
5611,69
5612,76
5613,50
5614,62
5615,72
5616,95
5617,99
5618,69
5619,74
5620,13
5621,58
5622,25
5623,48
5624,87
5625,3
5626,35
5627,12
5628,72
5629,90
5630,77
5631,44
5632,3
5633,91
5634,57
5635,42
5636,79
5637,85
5638,10
5639,2
5640,52
5641,11
5642,96
5643,11
5644,67
5645,57
5646,11
5647,17
5648,92
5649,67
5650,64
5651,83
5652,85
5653,70
5654,23
5655,24
5656,20
5657,28
5658,98
5659,98
5660,41
5661,91
5662,31
5663,6
5664,86
5665,5
5666,13
5667,16
5668,83
5669,30
5670,49
5671,51
5672,16
5673,59
5674,15
5675,64
5676,5
5677,15
5678,13
5679,1
5680,47
5681,2
5682,37
5683,6
5684,56
5685,4
5686,36
5687,3
5688,95
5689,47
5690,96
5691,83
5692,63
5693,76
5694,72
5695,4
5696,4
5697,28
5698,3
5699,25
5700,14
5701,70
5702,91
5703,21
5704,22
5705,33
5706,83
5707,80
5708,25
5709,44
5710,69
5711,73
5712,25
5713,59
5714,29
5715,73
5716,77
5717,52
5718,40
5719,53
5720,51
5721,71
5722,48
5723,13
5724,3
5725,4
5726,49
5727,83
5728,87
5729,17
5730,57
5731,88
5732,65
5733,13
5734,85
5735,56
5736,70
5737,24
5738,21
5739,58
5740,64
5741,74
5742,77
5743,73
5744,90
5745,88
5746,43
5747,17
5748,51
5749,65
5750,90
5751,86
5752,85
5753,82
5754,64
5755,8
5756,45
5757,66
5758,90
5759,62
5760,5
5761,56
5762,42
5763,35
5764,53
5765,98
5766,76
5767,81
5768,30
5769,19
5770,78
5771,8
5772,11
5773,83
5774,51
5775,90
5776,8
5777,66
5778,97
5779,65
5780,3
5781,8
5782,0
5783,53
5784,45
5785,47
5786,3
5787,57
5788,40
5789,95
5790,34
5791,32
5792,83
5793,10
5794,12
5795,80
5796,86
5797,61
5798,72
5799,25
5800,52
5801,83
5802,39
5803,95
5804,87
5805,39
5806,82
5807,0
5808,72
5809,23
5810,4
5811,34
5812,26
5813,39
5814,64
5815,73
5816,12
5817,2
5818,12
5819,58
5820,59
5821,59
5822,55
5823,47
5824,76
5825,65
5826,25
5827,66
5828,20
5829,34
5830,78
5831,19
5832,71
5833,37
5834,52
5835,39
5836,90
5837,26
5838,24
5839,79
5840,75
5841,58
5842,88
5843,93
5844,69
5845,28
5846,57
5847,99
5848,92
5849,82
5850,23
5851,45
5852,20
5853,55
5854,35
5855,35
5856,10
5857,17
5858,56
5859,0
5860,65
5861,10
5862,28
5863,29
5864,50
5865,72
5866,9
5867,30
5868,43
5869,64
5870,84
5871,32
5872,35
5873,79
5874,84
5875,18
5876,71
5877,77
5878,71
5879,13
5880,36
5881,0
5882,44
5883,46
5884,48
5885,57
5886,93
5887,10
5888,66
5889,74
5890,12
5891,2
5892,18
5893,76
5894,26
5895,83
5896,72
5897,59
5898,24
5899,34
5900,80
5901,79
5902,41
5903,97
5904,1
5905,26
5906,68
5907,25
5908,81
5909,99
5910,33
5911,56
5912,0
5913,87
5914,96
5915,33
5916,43
5917,80
5918,91
5919,62
5920,94
5921,63
5922,62
5923,63
5924,71
5925,35
5926,7
5927,62
5928,12
5929,29
5930,69
5931,51
5932,7
5933,1
5934,75
5935,81
5936,18
5937,53
5938,21
5939,77
5940,57
5941,42
5942,70
5943,85
5944,34
5945,56
5946,38
5947,50
5948,59
5949,78
5950,1
5951,20
5952,97
5953,75
5954,9
5955,37
5956,55
5957,11
5958,12
5959,27
5960,25
5961,97
5962,87
5963,75
5964,75
5965,30
5966,19
5967,2
5968,16
5969,63
5970,24
5971,11
5972,97
5973,36
5974,85
5975,55
5976,99
5977,87
5978,60
5979,1
5980,30
5981,13
5982,41
5983,79
5984,83
5985,82
5986,60
5987,79
5988,71
5989,80
5990,44
5991,5
5992,9
5993,65
5994,48
5995,21
5996,22
5997,91
5998,17
5999,48
6000,44
6001,63
6002,76
6003,13
6004,40
6005,63
6006,65
6007,4
6008,88
6009,65
6010,7
6011,13
6012,77
6013,36
6014,62
6015,52
6016,68
6017,37
6018,89
6019,59
6020,28
6021,85
6022,57
6023,32
6024,64
6025,59
6026,77
6027,57
6028,19
6029,52
6030,35
6031,62
6032,29
6033,70
6034,26
6035,99
6036,87
6037,61
6038,71
6039,93
6040,55
6041,77
6042,44
6043,54
6044,43
6045,2
6046,73
6047,76
6048,66
6049,55
6050,19
6051,80
6052,0
6053,66
6054,43
6055,36
6056,88
6057,23
6058,51
6059,24
6060,17
6061,70
6062,28
6063,61
6064,18
6065,41
6066,25
6067,52
6068,43
6069,3
6070,60
6071,37
6072,81
6073,61
6074,75
6075,98
6076,69
6077,10
6078,68
6079,99
6080,69
6081,67
6082,77
6083,40
6084,71
6085,65
6086,8
6087,40
6088,1
6089,7
6090,19
6091,59
6092,74
6093,85
6094,59
6095,63
6096,89
6097,64
6098,92
6099,36
6100,59
6101,28
6102,6
6103,41
6104,1
6105,37
6106,1
6107,8
6108,15
6109,54
6110,37
6111,87
6112,10
6113,92
6114,92
6115,87
6116,73
6117,29
6118,69
6119,70
6120,26
6121,24
6122,86
6123,77
6124,65
6125,56
6126,61
6127,66
6128,61
6129,91
6130,74
6131,38
6132,95
6133,67
6134,52
6135,16
6136,21
6137,12
6138,74
6139,50
6140,60
6141,63
6142,68
6143,72
6144,11
6145,56
6146,96
6147,78
6148,57
6149,69
6150,53
6151,91
6152,85
6153,56
6154,87
6155,98
6156,80
6157,5
6158,75
6159,92
6160,51
6161,34
6162,64
6163,96
6164,29
6165,17
6166,0
6167,30
6168,62
6169,41
6170,37
6171,34
6172,58
6173,89
6174,56
6175,26
6176,24
6177,36
6178,9
6179,1
6180,24
6181,3
6182,92
6183,20
6184,50
6185,60
6186,5
6187,91
6188,55
6189,27
6190,46
6191,57
6192,76
6193,70
6194,94
6195,48
6196,8
6197,90
6198,36
6199,33
6200,17
6201,31
6202,8
6203,83
6204,1
6205,7
6206,44
6207,91
6208,77
6209,46
6210,96
6211,5
6212,14
6213,37
6214,70
6215,33
6216,78
6217,62
6218,80
6219,57
6220,55
6221,28
6222,61
6223,70
6224,39
6225,83
6226,51
6227,22
6228,66
6229,89
6230,95
6231,73
6232,58
6233,57
6234,14
6235,21
6236,30
6237,75
6238,46
6239,48
6240,62
6241,4
6242,88
6243,47
6244,85
6245,71
6246,57
6247,49
6248,51
6249,70
6250,97
6251,98
6252,17
6253,94
6254,61
6255,13
6256,4
6257,61
6258,39
6259,23
6260,78
6261,65
6262,85
6263,30
6264,78
6265,66
6266,45
6267,69
6268,66
6269,15
6270,47
6271,19
6272,51
6273,26
6274,69
6275,14
6276,95
6277,88
6278,28
6279,22
6280,91
6281,69
6282,31
6283,88
6284,36
6285,63
6286,9
6287,23
6288,9
6289,80
6290,94
6291,37
6292,65
6293,8
6294,18
6295,62
6296,45
6297,26
6298,46
6299,91
6300,13
6301,65
6302,21
6303,11
6304,62
6305,40
6306,8
6307,17
6308,44
6309,27
6310,84
6311,18
6312,72
6313,38
6314,67
6315,0
6316,68
6317,15
6318,0
6319,13
6320,45
6321,42
6322,37
6323,2
6324,32
6325,16
6326,60
6327,87
6328,43
6329,68
6330,44
6331,97
6332,7
6333,23
6334,50
6335,48
6336,54
6337,33
6338,97
6339,15
6340,53
6341,40
6342,50
6343,95
6344,81
6345,56
6346,72
6347,25
6348,52
6349,37
6350,66
6351,9
6352,79
6353,99
6354,48
6355,90
6356,26
6357,14
6358,33
6359,52
6360,46
6361,70
6362,48
6363,53
6364,90
6365,64
6366,40
6367,70
6368,98
6369,7
6370,65
6371,23
6372,25
6373,34
6374,42
6375,78
6376,73
6377,64
6378,70
6379,40
6380,49
6381,58
6382,7
6383,69
6384,41
6385,68
6386,89
6387,39
6388,6
6389,47
6390,32
6391,0
6392,37
6393,82
6394,88
6395,78
6396,93
6397,75
6398,75
6399,54
6400,81
6401,87
6402,18
6403,98
6404,8
6405,48
6406,81
6407,68
6408,30
6409,31
6410,94
6411,40
6412,47
6413,99
6414,79
6415,94
6416,82
6417,80
6418,43
6419,81
6420,56
6421,68
6422,80
6423,38
6424,57
6425,79
6426,78
6427,54
6428,83
6429,75
6430,44
6431,60
6432,77
6433,26
6434,53
6435,13
6436,47
6437,24
6438,15
6439,37
6440,14
6441,49
6442,8
6443,24
6444,46
6445,30
6446,60
6447,28
6448,63
6449,51
6450,79
6451,32
6452,99
6453,98
6454,2
6455,75
6456,97
6457,67
6458,7
6459,56
6460,21
6461,43
6462,62
6463,40
6464,26
6465,38
6466,83
6467,83
6468,13
6469,31
6470,83
6471,79
6472,30
6473,7
6474,33
6475,36
6476,93
6477,83
6478,12
6479,32
6480,68
6481,36
6482,35
6483,17
6484,10
6485,1
6486,30
6487,5
6488,80
6489,26
6490,43
6491,54
6492,59
6493,57
6494,71
6495,20
6496,96
6497,30
6498,78
6499,48
6500,83
6501,48
6502,95
6503,60
6504,43
6505,14
6506,40
6507,65
6508,55
6509,70
6510,63
6511,29
6512,70
6513,83
6514,16
6515,31
6516,78
6517,76
6518,65
6519,93
6520,52
6521,97
6522,46
6523,50
6524,63
6525,46
6526,88
6527,94
6528,49
6529,30
6530,51
6531,22
6532,29
6533,60
6534,45
6535,32
6536,79
6537,83
6538,16
6539,56
6540,76
6541,18
6542,45
6543,0
6544,43
6545,48
6546,41
6547,80
6548,17
6549,41
6550,70
6551,82
6552,47
6553,37
6554,40
6555,30
6556,40
6557,70
6558,61
6559,52
6560,45
6561,79
6562,54
6563,89
6564,32
6565,5
6566,11
6567,68
6568,28
6569,6
6570,27
6571,93
6572,43
6573,90
6574,69
6575,15
6576,27
6577,97
6578,2
6579,53
6580,21
6581,7
6582,26
6583,52
6584,38
6585,26
6586,67
6587,83
6588,74
6589,95
6590,80
6591,87
6592,62
6593,9
6594,82
6595,23
6596,90
6597,23
6598,4
6599,79
6600,66
6601,40
6602,29
6603,88
6604,96
6605,43
6606,36
6607,82
6608,29
6609,49
6610,61
6611,24
6612,59
6613,81
6614,84
6615,51
6616,70
6617,83
6618,39
6619,85
6620,76
6621,93
6622,89
6623,21
6624,12
6625,91
6626,91
6627,0
6628,94
6629,98
6630,90
6631,67
6632,43
6633,96
6634,48
6635,45
6636,12
6637,32
6638,40
6639,13
6640,11
6641,89
6642,77
6643,15
6644,20
6645,47
6646,99
6647,74
6648,62
6649,62
6650,76
6651,82
6652,82
6653,61
6654,14
6655,62
6656,31
6657,11
6658,91
6659,80
6660,26
6661,6
6662,31
6663,3
6664,90
6665,60
6666,72
6667,6
6668,20
6669,92
6670,33
6671,96
6672,89
6673,31
6674,59
6675,5
6676,35
6677,43
6678,78
6679,0
6680,73
6681,90
6682,36
6683,18
6684,18
6685,83
6686,51
6687,92
6688,38
6689,70
6690,67
6691,80
6692,77
6693,82
6694,12
6695,8
6696,10
6697,10
6698,20
6699,28
6700,46
6701,25
6702,73
6703,62
6704,54
6705,83
6706,74
6707,28
6708,45
6709,32
6710,68
6711,14
6712,31
6713,43
6714,40
6715,11
6716,15
6717,68
6718,19
6719,79
6720,90
6721,83
6722,8
6723,54
6724,86
6725,6
6726,55
6727,49
6728,18
6729,38
6730,88
6731,13
6732,91
6733,13
6734,5
6735,28
6736,80
6737,49
6738,96
6739,33
6740,98
6741,12
6742,36
6743,92
6744,49
6745,27
6746,39
6747,47
6748,33
6749,72
6750,48
6751,32
6752,77
6753,20
6754,24
6755,64
6756,4
6757,40
6758,12
6759,55
6760,65
6761,62
6762,48
6763,72
6764,54
6765,39
6766,0
6767,42
6768,57
6769,77
6770,52
6771,3
6772,1
6773,6
6774,65
6775,92
6776,39
6777,62
6778,14
6779,27
6780,63
6781,45
6782,97
6783,10
6784,62
6785,19
6786,73
6787,47
6788,20
6789,45
6790,30
6791,87
6792,92
6793,39
6794,49
6795,38
6796,28
6797,24
6798,18
6799,13
6800,91
6801,70
6802,51
6803,89
6804,10
6805,60
6806,55
6807,1
6808,47
6809,45
6810,60
6811,85
6812,0
6813,86
6814,10
6815,38
6816,12
6817,41
6818,61
6819,35
6820,71
6821,53
6822,68
6823,70
6824,72
6825,3
6826,26
6827,30
6828,32
6829,42
6830,18
6831,49
6832,70
6833,68
6834,15
6835,44
6836,63
6837,77
6838,5
6839,68
6840,82
6841,57
6842,50
6843,52
6844,30
6845,2
6846,46
6847,71
6848,45
6849,76
6850,11
6851,61
6852,75
6853,46
6854,49
6855,87
6856,58
6857,55
6858,60
6859,42
6860,94
6861,33
6862,15
6863,76
6864,93
6865,90
6866,36
6867,71
6868,24
6869,60
6870,92
6871,83
6872,76
6873,6
6874,90
6875,51
6876,3
6877,77
6878,45
6879,73
6880,59
6881,6
6882,68
6883,76
6884,85
6885,95
6886,31
6887,62
6888,58
6889,7
6890,36
6891,62
6892,97
6893,59
6894,25
6895,76
6896,67
6897,5
6898,35
6899,27
6900,98
6901,29
6902,4
6903,94
6904,56
6905,34
6906,67
6907,43
6908,53
6909,14
6910,9
6911,59
6912,18
6913,46
6914,39
6915,97
6916,62
6917,46
6918,92
6919,34
6920,60
6921,36
6922,16
6923,94
6924,24
6925,82
6926,7
6927,49
6928,6
6929,67
6930,72
6931,78
6932,81
6933,7
6934,7
6935,78
6936,23
6937,13
6938,11
6939,81
6940,93
6941,70
6942,57
6943,93
6944,76
6945,4
6946,10
6947,40
6948,49
6949,88
6950,36
6951,81
6952,73
6953,99
6954,15
6955,16
6956,15
6957,62
6958,89
6959,4
6960,79
6961,5
6962,32
6963,75
6964,94
6965,33
6966,91
6967,69
6968,3
6969,58
6970,56
6971,11
6972,6
6973,74
6974,60
6975,49
6976,67
6977,2
6978,55
6979,79
6980,87
6981,59
6982,30
6983,18
6984,2
6985,0
6986,48
6987,82
6988,80
6989,23
6990,29
6991,59
6992,39
6993,92
6994,81
6995,62
6996,77
6997,45
6998,42
6999,51
7000,31
7001,22
7002,75
7003,92
7004,23
7005,10
7006,94
7007,81
7008,1
7009,70
7010,76
7011,64
7012,63
7013,79
7014,18
7015,57
7016,78
7017,85
7018,78
7019,84
7020,86
7021,68
7022,96
7023,73
7024,30
7025,39
7026,49
7027,23
7028,53
7029,97
7030,53
7031,84
7032,81
7033,96
7034,67
7035,40
7036,15
7037,40
7038,79
7039,10
7040,13
7041,2
7042,27
7043,81
7044,50
7045,45
7046,9
7047,57
7048,7
7049,61
7050,6
7051,89
7052,40
7053,10
7054,10
7055,15
7056,94
7057,37
7058,74
7059,10
7060,76
7061,87
7062,93
7063,46
7064,87
7065,64
7066,17
7067,89
7068,56
7069,82
7070,86
7071,9
7072,65
7073,55
7074,79
7075,99
7076,81
7077,30
7078,58
7079,41
7080,81
7081,36
7082,16
7083,73
7084,5
7085,32
7086,45
7087,43
7088,52
7089,92
7090,99
7091,36
7092,38
7093,47
7094,76
7095,38
7096,33
7097,87
7098,50
7099,36
7100,95
7101,36
7102,71
7103,98
7104,28
7105,56
7106,43
7107,48
7108,89
7109,94
7110,38
7111,97
7112,80
7113,73
7114,35
7115,58
7116,51
7117,13
7118,39
7119,58
7120,81
7121,8
7122,80
7123,32
7124,92
7125,17
7126,77
7127,53
7128,91
7129,24
7130,46
7131,31
7132,5
7133,43
7134,23
7135,61
7136,41
7137,6
7138,77
7139,2
7140,87
7141,60
7142,0
7143,27
7144,95
7145,7
7146,92
7147,1
7148,59
7149,82
7150,26
7151,34
7152,59
7153,29
7154,49
7155,75
7156,15
7157,97
7158,95
7159,98
7160,18
7161,47
7162,91
7163,34
7164,40
7165,15
7166,38
7167,80
7168,0
7169,87
7170,7
7171,44
7172,94
7173,10
7174,2
7175,48
7176,29
7177,79
7178,94
7179,24
7180,31
7181,24
7182,22
7183,68
7184,25
7185,36
7186,51
7187,92
7188,73
7189,35
7190,6
7191,61
7192,48
7193,69
7194,30
7195,50
7196,55
7197,21
7198,39
7199,3
7200,8
7201,55
7202,23
7203,87
7204,63
7205,82
7206,69
7207,15
7208,58
7209,45
7210,49
7211,48
7212,64
7213,21
7214,10
7215,94
7216,33
7217,99
7218,65
7219,71
7220,56
7221,90
7222,27
7223,16
7224,53
7225,15
7226,63
7227,13
7228,15
7229,50
7230,71
7231,88
7232,54
7233,13
7234,97
7235,99
7236,18
7237,45
7238,54
7239,56
7240,23
7241,26
7242,51
7243,5
7244,57
7245,69
7246,95
7247,81
7248,2
7249,73
7250,15
7251,72
7252,64
7253,87
7254,71
7255,65
7256,10
7257,11
7258,82
7259,56
7260,14
7261,11
7262,85
7263,2
7264,8
7265,24
7266,17
7267,22
7268,22
7269,54
7270,86
7271,58
7272,8
7273,69
7274,75
7275,2
7276,19
7277,28
7278,80
7279,46
7280,50
7281,38
7282,6
7283,76
7284,68
7285,73
7286,54
7287,2
7288,97
7289,11
7290,49
7291,34
7292,49
7293,68
7294,19
7295,67
7296,12
7297,2
7298,43
7299,9
7300,0
7301,54
7302,80
7303,67
7304,93
7305,0
7306,63
7307,94
7308,53
7309,63
7310,8
7311,22
7312,22
7313,72
7314,89
7315,32
7316,1
7317,21
7318,5
7319,11
7320,41
7321,87
7322,93
7323,82
7324,29
7325,48
7326,59
7327,95
7328,83
7329,22
7330,71
7331,20
7332,56
7333,80
7334,94
7335,78
7336,0
7337,64
7338,0
7339,69
7340,29
7341,48
7342,31
7343,10
7344,70
7345,87
7346,13
7347,74
7348,79
7349,82
7350,74
7351,75
7352,3
7353,60
7354,68
7355,34
7356,9
7357,98
7358,53
7359,52
7360,41
7361,93
7362,72
7363,15
7364,78
7365,48
7366,74
7367,58
7368,65
7369,70
7370,25
7371,60
7372,98
7373,55
7374,24
7375,8
7376,59
7377,43
7378,31
7379,70
7380,10
7381,99
7382,97
7383,75
7384,61
7385,35
7386,51
7387,50
7388,64
7389,64
7390,78
7391,79
7392,95
7393,25
7394,40
7395,40
7396,96
7397,50
7398,18
7399,24
7400,48
7401,6
7402,68
7403,87
7404,17
7405,61
7406,49
7407,6
7408,46
7409,30
7410,4
7411,24
7412,11
7413,93
7414,74
7415,2
7416,96
7417,17
7418,54
7419,28
7420,58
7421,90
7422,19
7423,32
7424,56
7425,75
7426,95
7427,83
7428,17
7429,83
7430,20
7431,79
7432,21
7433,66
7434,84
7435,11
7436,77
7437,21
7438,99
7439,38
7440,11
7441,60
7442,20
7443,22
7444,35
7445,16
7446,93
7447,20
7448,27
7449,42
7450,40
7451,27
7452,53
7453,67
7454,58
7455,73
7456,91
7457,45
7458,59
7459,68
7460,99
7461,24
7462,45
7463,38
7464,55
7465,83
7466,7
7467,45
7468,63
7469,68
7470,62
7471,78
7472,33
7473,1
7474,75
7475,69
7476,31
7477,70
7478,54
7479,76
7480,72
7481,73
7482,13
7483,4
7484,98
7485,61
7486,31
7487,34
7488,88
7489,85
7490,6
7491,75
7492,97
7493,17
7494,87
7495,76
7496,75
7497,36
7498,83
7499,79
7500,57
7501,4
7502,60
7503,82
7504,74
7505,25
7506,0
7507,59
7508,53
7509,29
7510,47
7511,82
7512,4
7513,96
7514,15
7515,60
7516,66
7517,67
7518,78
7519,39
7520,80
7521,56
7522,35
7523,88
7524,11
7525,16
7526,31
7527,66
7528,40
7529,12
7530,14
7531,71
7532,23
7533,14
7534,41
7535,42
7536,48
7537,93
7538,97
7539,58
7540,98
7541,60
7542,79
7543,62
7544,2
7545,8
7546,66
7547,84
7548,34
7549,88
7550,74
7551,0
7552,15
7553,94
7554,8
7555,60
7556,93
7557,8
7558,12
7559,13
7560,99
7561,81
7562,69
7563,13
7564,40
7565,59
7566,65
7567,78
7568,56
7569,1
7570,57
7571,10
7572,14
7573,13
7574,64
7575,49
7576,67
7577,33
7578,90
7579,29
7580,62
7581,7
7582,44
7583,96
7584,74
7585,7
7586,62
7587,38
7588,55
7589,52
7590,72
7591,28
7592,87
7593,28
7594,49
7595,77
7596,46
7597,10
7598,55
7599,69
7600,83
7601,88
7602,34
7603,73
7604,78
7605,36
7606,24
7607,30
7608,41
7609,55
7610,11
7611,5
7612,59
7613,12
7614,83
7615,36
7616,85
7617,14
7618,23
7619,95
7620,72
7621,8
7622,61
7623,39
7624,49
7625,35
7626,85
7627,23
7628,23
7629,59
7630,81
7631,97
7632,94
7633,91
7634,89
7635,46
7636,73
7637,16
7638,98
7639,59
7640,55
7641,65
7642,52
7643,68
7644,46
7645,24
7646,68
7647,52
7648,91
7649,75
7650,30
7651,65
7652,66
7653,34
7654,58
7655,49
7656,71
7657,13
7658,1
7659,33
7660,2
7661,47
7662,95
7663,36
7664,10
7665,57
7666,75
7667,1
7668,20
7669,96
7670,46
7671,33
7672,72
7673,87
7674,45
7675,36
7676,19
7677,30
7678,56
7679,34
7680,2
7681,44
7682,70
7683,55
7684,52
7685,71
7686,2
7687,58
7688,24
7689,73
7690,89
7691,87
7692,58
7693,63
7694,2
7695,41
7696,69
7697,96
7698,65
7699,39
7700,82
7701,68
7702,61
7703,2
7704,73
7705,67
7706,16
7707,3
7708,10
7709,92
7710,74
7711,68
7712,37
7713,9
7714,15
7715,14
7716,73
7717,53
7718,90
7719,86
7720,32
7721,75
7722,35
7723,30
7724,85
7725,15
7726,74
7727,34
7728,4
7729,91
7730,81
7731,86
7732,7
7733,56
7734,92
7735,82
7736,49
7737,29
7738,68
7739,94
7740,80
7741,87
7742,87
7743,20
7744,38
7745,20
7746,55
7747,85
7748,52
7749,53
7750,1
7751,45
7752,85
7753,35
7754,42
7755,97
7756,23
7757,27
7758,39
7759,16
7760,22
7761,59
7762,16
7763,18
7764,32
7765,95
7766,63
7767,14
7768,52
7769,95
7770,34
7771,95
7772,32
7773,72
7774,87
7775,66
7776,61
7777,33
7778,18
7779,8
7780,20
7781,39
7782,11
7783,63
7784,29
7785,83
7786,88
7787,7
7788,18
7789,13
7790,77
7791,71
7792,98
7793,60
7794,66
7795,55
7796,58
7797,47
7798,50
7799,44
7800,93
7801,91
7802,74
7803,19
7804,24
7805,23
7806,63
7807,60
7808,26
7809,93
7810,57
7811,50
7812,1
7813,9
7814,78
7815,93
7816,91
7817,94
7818,27
7819,89
7820,39
7821,66
7822,74
7823,46
7824,26
7825,25
7826,29
7827,33
7828,20
7829,69
7830,10
7831,91
7832,5
7833,6
7834,27
7835,60
7836,96
7837,72
7838,71
7839,63
7840,17
7841,78
7842,93
7843,97
7844,31
7845,9
7846,76
7847,92
7848,10
7849,15
7850,28
7851,13
7852,84
7853,72
7854,79
7855,79
7856,69
7857,97
7858,9
7859,71
7860,96
7861,34
7862,8
7863,25
7864,15
7865,35
7866,86
7867,29
7868,77
7869,43
7870,58
7871,63
7872,91
7873,94
7874,71
7875,57
7876,11
7877,1
7878,29
7879,66
7880,40
7881,40
7882,32
7883,4
7884,15
7885,0
7886,93
7887,23
7888,86
7889,82
7890,87
7891,75
7892,90
7893,56
7894,28
7895,7
7896,52
7897,57
7898,28
7899,80
7900,23
7901,42
7902,0
7903,97
7904,5
7905,99
7906,98
7907,83
7908,69
7909,98
7910,36
7911,62
7912,14
7913,70
7914,75
7915,40
7916,3
7917,32
7918,57
7919,79
7920,91
7921,71
7922,48
7923,74
7924,70
7925,36
7926,67
7927,38
7928,5
7929,17
7930,37
7931,2
7932,17
7933,8
7934,28
7935,71
7936,64
7937,11
7938,27
7939,87
7940,67
7941,21
7942,13
7943,41
7944,65
7945,21
7946,89
7947,22
7948,82
7949,71
7950,21
7951,41
7952,28
7953,19
7954,37
7955,31
7956,93
7957,43
7958,93
7959,78
7960,0
7961,18
7962,68
7963,75
7964,98
7965,86
7966,98
7967,53
7968,53
7969,49
7970,92
7971,34
7972,15
7973,67
7974,73
7975,52
7976,53
7977,67
7978,11
7979,68
7980,82
7981,27
7982,20
7983,83
7984,59
7985,10
7986,84
7987,87
7988,75
7989,55
7990,72
7991,33
7992,15
7993,76
7994,88
7995,85
7996,41
7997,43
7998,51
7999,29
8000,19
8001,84
8002,51
8003,63
8004,96
8005,1
8006,55
8007,78
8008,52
8009,57
8010,80
8011,89
8012,84
8013,38
8014,3
8015,5
8016,4
8017,51
8018,23
8019,13
8020,59
8021,62
8022,25
8023,20
8024,36
8025,50
8026,97
8027,23
8028,66
8029,94
8030,3
8031,53
8032,48
8033,48
8034,77
8035,28
8036,2
8037,63
8038,74
8039,99
8040,28
8041,96
8042,1
8043,29
8044,73
8045,55
8046,86
8047,63
8048,43
8049,59
8050,84
8051,31
8052,20
8053,85
8054,99
8055,36
8056,50
8057,74
8058,64
8059,27
8060,76
8061,62
8062,84
8063,66
8064,55
8065,83
8066,49
8067,49
8068,87
8069,4
8070,45
8071,67
8072,7
8073,1
8074,76
8075,88
8076,96
8077,67
8078,42
8079,96
8080,91
8081,60
8082,20
8083,43
8084,22
8085,31
8086,88
8087,24
8088,84
8089,60
8090,2
8091,47
8092,94
8093,75
8094,97
8095,94
8096,17
8097,26
8098,3
8099,15
8100,59
8101,6
8102,49
8103,16
8104,45
8105,0
8106,61
8107,9
8108,0
8109,11
8110,65
8111,54
8112,15
8113,3
8114,72
8115,51
8116,23
8117,54
8118,23
8119,5
8120,19
8121,30
8122,88
8123,60
8124,40
8125,0
8126,42
8127,96
8128,0
8129,49
8130,15
8131,21
8132,86
8133,0
8134,78
8135,42
8136,81
8137,68
8138,39
8139,66
8140,5
8141,40
8142,78
8143,4
8144,34
8145,59
8146,65
8147,97
8148,41
8149,46
8150,86
8151,37
8152,64
8153,13
8154,30
8155,82
8156,28
8157,77
8158,15
8159,62
8160,49
8161,38
8162,81
8163,22
8164,4
8165,28
8166,78
8167,7
8168,48
8169,60
8170,53
8171,61
8172,49
8173,58
8174,82
8175,94
8176,84
8177,21
8178,39
8179,73
8180,26
8181,52
8182,9
8183,43
8184,69
8185,5
8186,78
8187,26
8188,90
8189,78
8190,4
8191,43
8192,89
8193,43
8194,46
8195,16
8196,75
8197,52
8198,66
8199,82
8200,71
8201,5
8202,72
8203,67
8204,81
8205,51
8206,1
8207,14
8208,56
8209,84
8210,48
8211,45
8212,87
8213,74
8214,66
8215,9
8216,7
8217,5
8218,84
8219,0
8220,56
8221,55
8222,24
8223,68
8224,79
8225,52
8226,56
8227,86
8228,98
8229,42
8230,52
8231,82
8232,26
8233,81
8234,73
8235,43
8236,63
8237,84
8238,50
8239,66
8240,42
8241,6
8242,2
8243,94
8244,23
8245,26
8246,76
8247,26
8248,39
8249,88
8250,53
8251,45
8252,94
8253,60
8254,67
8255,61
8256,43
8257,24
8258,68
8259,33
8260,42
8261,2
8262,68
8263,37
8264,40
8265,5
8266,50
8267,99
8268,49
8269,5
8270,11
8271,24
8272,93
8273,29
8274,53
8275,97
8276,93
8277,43
8278,70
8279,78
8280,61
8281,30
8282,73
8283,50
8284,66
8285,66
8286,32
8287,71
8288,56
8289,49
8290,86
8291,31
8292,38
8293,59
8294,72
8295,66
8296,74
8297,90
8298,35
8299,13
8300,13
8301,52
8302,66
8303,11
8304,82
8305,88
8306,3
8307,72
8308,24
8309,51
8310,33
8311,98
8312,63
8313,2
8314,73
8315,42
8316,14
8317,12
8318,33
8319,65
8320,60
8321,93
8322,12
8323,6
8324,5
8325,78
8326,53
8327,74
8328,3
8329,38
8330,8
8331,69
8332,83
8333,94
8334,9
8335,58
8336,41
8337,27
8338,75
8339,85
8340,74
8341,67
8342,69
8343,61
8344,72
8345,54
8346,50
8347,7
8348,56
8349,8
8350,2
8351,8
8352,15
8353,5
8354,97
8355,18
8356,49
8357,91
8358,36
8359,59
8360,41
8361,0
8362,91
8363,61
8364,95
8365,98
8366,44
8367,72
8368,13
8369,67
8370,86
8371,44
8372,16
8373,76
8374,75
8375,40
8376,63
8377,26
8378,80
8379,73
8380,26
8381,14
8382,70
8383,47
8384,98
8385,84
8386,91
8387,32
8388,54
8389,64
8390,78
8391,61
8392,39
8393,31
8394,16
8395,78
8396,94
8397,51
8398,68
8399,96
8400,92
8401,7
8402,62
8403,31
8404,1
8405,82
8406,97
8407,79
8408,32
8409,88
8410,51
8411,94
8412,70
8413,55
8414,45
8415,4
8416,31
8417,31
8418,11
8419,64
8420,16
8421,60
8422,77
8423,70
8424,99
8425,77
8426,56
8427,28
8428,27
8429,66
8430,18
8431,53
8432,18
8433,10
8434,0
8435,34
8436,33
8437,36
8438,38
8439,63
8440,94
8441,20
8442,52
8443,12
8444,69
8445,34
8446,64
8447,50
8448,69
8449,12
8450,8
8451,53
8452,88
8453,32
8454,34
8455,78
8456,26
8457,87
8458,43
8459,0
8460,81
8461,22
8462,25
8463,58
8464,58
8465,32
8466,58
8467,56
8468,21
8469,23
8470,19
8471,60
8472,29
8473,36
8474,89
8475,78
8476,3
8477,27
8478,61
8479,52
8480,82
8481,28
8482,32
8483,33
8484,63
8485,18
8486,74
8487,65
8488,95
8489,53
8490,1
8491,82
8492,42
8493,60
8494,71
8495,98
8496,68
8497,67
8498,56
8499,38
8500,64
8501,49
8502,58
8503,28
8504,6
8505,58
8506,59
8507,31
8508,86
8509,74
8510,23
8511,26
8512,43
8513,0
8514,5
8515,68
8516,86
8517,76
8518,24
8519,52
8520,13
8521,19
8522,0
8523,52
8524,63
8525,12
8526,64
8527,59
8528,83
8529,72
8530,34
8531,96
8532,78
8533,2
8534,96
8535,8
8536,9
8537,71
8538,49
8539,74
8540,56
8541,22
8542,96
8543,31
8544,0
8545,67
8546,36
8547,75
8548,40
8549,36
8550,61
8551,89
8552,18
8553,54
8554,0
8555,9
8556,20
8557,32
8558,92
8559,81
8560,18
8561,30
8562,5
8563,69
8564,93
8565,75
8566,99
8567,31
8568,29
8569,95
8570,29
8571,24
8572,52
8573,4
8574,49
8575,78
8576,22
8577,2
8578,73
8579,0
8580,62
8581,85
8582,94
8583,99
8584,70
8585,46
8586,55
8587,25
8588,1
8589,94
8590,59
8591,99
8592,15
8593,63
8594,25
8595,59
8596,91
8597,27
8598,33
8599,27
8600,11
8601,57
8602,89
8603,37
8604,53
8605,33
8606,98
8607,25
8608,46
8609,17
8610,27
8611,76
8612,51
8613,23
8614,48
8615,80
8616,59
8617,4
8618,15
8619,44
8620,46
8621,33
8622,49
8623,27
8624,96
8625,74
8626,43
8627,6
8628,28
8629,48
8630,2
8631,13
8632,89
8633,49
8634,84
8635,76
8636,85
8637,12
8638,24
8639,60
8640,14
8641,13
8642,30
8643,45
8644,97
8645,37
8646,12
8647,20
8648,2
8649,3
8650,96
8651,29
8652,61
8653,87
8654,28
8655,14
8656,9
8657,63
8658,47
8659,95
8660,44
8661,78
8662,38
8663,73
8664,1
8665,39
8666,97
8667,66
8668,58
8669,16
8670,11
8671,72
8672,16
8673,59
8674,57
8675,76
8676,97
8677,59
8678,16
8679,37
8680,63
8681,37
8682,74
8683,51
8684,43
8685,11
8686,63
8687,33
8688,61
8689,38
8690,19
8691,26
8692,59
8693,21
8694,33
8695,82
8696,45
8697,87
8698,3
8699,60
8700,49
8701,68
8702,79
8703,32
8704,93
8705,26
8706,97
8707,82
8708,2
8709,31
8710,6
8711,70
8712,59
8713,61
8714,55
8715,58
8716,30
8717,18
8718,10
8719,90
8720,37
8721,87
8722,20
8723,69
8724,10
8725,67
8726,71
8727,80
8728,52
8729,76
8730,36
8731,70
8732,32
8733,5
8734,66
8735,10
8736,35
8737,24
8738,22
8739,73
8740,45
8741,59
8742,69
8743,81
8744,35
8745,78
8746,15
8747,98
8748,94
8749,86
8750,62
8751,67
8752,67
8753,20
8754,16
8755,9
8756,32
8757,36
8758,37
8759,42
8760,0
8761,2
8762,55
8763,42
8764,42
8765,21
8766,11
8767,58
8768,89
8769,57
8770,44
8771,50
8772,85
8773,8
8774,4
8775,65
8776,56
8777,30
8778,97
8779,9
8780,10
8781,87
8782,38
8783,28
8784,52
8785,28
8786,78
8787,68
8788,70
8789,8
8790,15
8791,36
8792,92
8793,11
8794,74
8795,33
8796,55
8797,43
8798,15
8799,48
8800,94
8801,39
8802,39
8803,90
8804,82
8805,40
8806,67
8807,82
8808,72
8809,17
8810,71
8811,11
8812,15
8813,50
8814,47
8815,39
8816,65
8817,72
8818,85
8819,57
8820,44
8821,48
8822,40
8823,0
8824,42
8825,56
8826,16
8827,52
8828,36
8829,78
8830,97
8831,48
8832,38
8833,81
8834,84
8835,53
8836,63
8837,24
8838,78
8839,40
8840,64
8841,12
8842,60
8843,21
8844,93
8845,22
8846,92
8847,32
8848,49
8849,43
8850,96
8851,17
8852,95
8853,44
8854,74
8855,98
8856,4
8857,14
8858,75
8859,44
8860,16
8861,89
8862,39
8863,3
8864,61
8865,58
8866,28
8867,45
8868,8
8869,50
8870,57
8871,4
8872,22
8873,90
8874,57
8875,20
8876,56
8877,32
8878,74
8879,61
8880,18
8881,34
8882,65
8883,83
8884,68
8885,95
8886,8
8887,58
8888,95
8889,90
8890,97
8891,36
8892,2
8893,77
8894,20
8895,92
8896,33
8897,64
8898,55
8899,74
8900,43
8901,30
8902,82
8903,48
8904,23
8905,8
8906,48
8907,35
8908,25
8909,98
8910,16
8911,16
8912,66
8913,79
8914,95
8915,50
8916,73
8917,16
8918,11
8919,61
8920,58
8921,29
8922,12
8923,43
8924,85
8925,12
8926,68
8927,9
8928,39
8929,31
8930,92
8931,20
8932,37
8933,64
8934,2
8935,51
8936,57
8937,69
8938,71
8939,69
8940,9
8941,33
8942,60
8943,54
8944,39
8945,25
8946,79
8947,40
8948,87
8949,47
8950,52
8951,96
8952,17
8953,54
8954,79
8955,80
8956,19
8957,51
8958,27
8959,5
8960,43
8961,82
8962,54
8963,5
8964,54
8965,34
8966,72
8967,88
8968,59
8969,93
8970,28
8971,16
8972,64
8973,84
8974,94
8975,51
8976,81
8977,33
8978,73
8979,96
8980,21
8981,90
8982,28
8983,25
8984,46
8985,78
8986,15
8987,68
8988,86
8989,99
8990,70
8991,20
8992,90
8993,31
8994,42
8995,63
8996,12
8997,28
8998,16
8999,42
9000,91
9001,54
9002,74
9003,85
9004,83
9005,76
9006,17
9007,21
9008,95
9009,83
9010,50
9011,41
9012,60
9013,8
9014,68
9015,93
9016,80
9017,95
9018,66
9019,90
9020,7
9021,88
9022,61
9023,73
9024,23
9025,55
9026,37
9027,13
9028,77
9029,45
9030,52
9031,60
9032,77
9033,48
9034,39
9035,76
9036,20
9037,54
9038,80
9039,95
9040,67
9041,4
9042,7
9043,18
9044,30
9045,62
9046,0
9047,10
9048,8
9049,16
9050,69
9051,90
9052,68
9053,27
9054,70
9055,55
9056,14
9057,73
9058,16
9059,8
9060,88
9061,27
9062,20
9063,39
9064,83
9065,93
9066,27
9067,69
9068,50
9069,47
9070,78
9071,52
9072,28
9073,74
9074,63
9075,26
9076,41
9077,86
9078,0
9079,46
9080,81
9081,32
9082,72
9083,81
9084,46
9085,56
9086,33
9087,60
9088,7
9089,59
9090,37
9091,55
9092,14
9093,18
9094,16
9095,11
9096,94
9097,75
9098,61
9099,67
9100,78
9101,76
9102,88
9103,32
9104,58
9105,64
9106,28
9107,79
9108,29
9109,25
9110,93
9111,10
9112,59
9113,82
9114,13
9115,17
9116,34
9117,93
9118,20
9119,14
9120,20
9121,7
9122,54
9123,45
9124,32
9125,18
9126,96
9127,39
9128,46
9129,1
9130,7
9131,76
9132,40
9133,50
9134,20
9135,60
9136,64
9137,92
9138,81
9139,38
9140,68
9141,47
9142,98
9143,28
9144,49
9145,9
9146,52
9147,99
9148,77
9149,13
9150,27
9151,3
9152,39
9153,1
9154,13
9155,90
9156,74
9157,3
9158,84
9159,79
9160,15
9161,74
9162,53
9163,69
9164,29
9165,39
9166,17
9167,99
9168,62
9169,25
9170,54
9171,42
9172,8
9173,66
9174,57
9175,86
9176,51
9177,51
9178,24
9179,30
9180,67
9181,26
9182,5
9183,40
9184,85
9185,34
9186,19
9187,58
9188,16
9189,86
9190,73
9191,13
9192,15
9193,71
9194,65
9195,49
9196,3
9197,72
9198,62
9199,70
9200,83
9201,51
9202,53
9203,25
9204,91
9205,18
9206,56
9207,39
9208,27
9209,39
9210,58
9211,8
9212,70
9213,48
9214,68
9215,89
9216,87
9217,72
9218,43
9219,17
9220,31
9221,8
9222,16
9223,21
9224,74
9225,0
9226,21
9227,91
9228,23
9229,97
9230,57
9231,98
9232,96
9233,15
9234,48
9235,12
9236,67
9237,58
9238,67
9239,91
9240,37
9241,43
9242,31
9243,68
9244,99
9245,36
9246,81
9247,58
9248,58
9249,3
9250,83
9251,68
9252,43
9253,34
9254,39
9255,72
9256,64
9257,89
9258,20
9259,90
9260,52
9261,19
9262,54
9263,42
9264,36
9265,8
9266,76
9267,72
9268,71
9269,50
9270,83
9271,16
9272,39
9273,40
9274,43
9275,50
9276,74
9277,78
9278,33
9279,22
9280,69
9281,56
9282,11
9283,1
9284,58
9285,38
9286,87
9287,76
9288,36
9289,7
9290,91
9291,32
9292,20
9293,16
9294,54
9295,75
9296,65
9297,75
9298,85
9299,14
9300,0
9301,88
9302,22
9303,51
9304,90
9305,96
9306,76
9307,17
9308,74
9309,11
9310,99
9311,24
9312,59
9313,20
9314,49
9315,50
9316,16
9317,61
9318,72
9319,69
9320,4
9321,72
9322,52
9323,35
9324,47
9325,59
9326,19
9327,10
9328,38
9329,1
9330,23
9331,67
9332,82
9333,69
9334,25
9335,13
9336,99
9337,48
9338,57
9339,46
9340,64
9341,91
9342,70
9343,56
9344,35
9345,23
9346,43
9347,51
9348,29
9349,88
9350,43
9351,67
9352,52
9353,26
9354,54
9355,82
9356,53
9357,34
9358,22
9359,84
9360,77
9361,72
9362,84
9363,53
9364,67
9365,72
9366,83
9367,89
9368,18
9369,38
9370,75
9371,57
9372,61
9373,26
9374,54
9375,90
9376,73
9377,28
9378,29
9379,74
9380,8
9381,72
9382,90
9383,71
9384,26
9385,0
9386,36
9387,68
9388,82
9389,2
9390,41
9391,86
9392,33
9393,22
9394,79
9395,80
9396,67
9397,34
9398,25
9399,80
9400,7
9401,48
9402,78
9403,77
9404,49
9405,70
9406,79
9407,45
9408,88
9409,58
9410,54
9411,42
9412,6
9413,60
9414,71
9415,90
9416,26
9417,84
9418,97
9419,77
9420,59
9421,83
9422,87
9423,24
9424,45
9425,81
9426,37
9427,75
9428,61
9429,19
9430,78
9431,12
9432,89
9433,78
9434,44
9435,57
9436,52
9437,4
9438,31
9439,4
9440,7
9441,16
9442,96
9443,27
9444,60
9445,2
9446,19
9447,61
9448,29
9449,71
9450,3
9451,79
9452,14
9453,91
9454,1
9455,22
9456,19
9457,36
9458,3
9459,43
9460,55
9461,92
9462,51
9463,47
9464,33
9465,65
9466,83
9467,76
9468,26
9469,3
9470,78
9471,96
9472,8
9473,0
9474,20
9475,37
9476,62
9477,85
9478,34
9479,58
9480,96
9481,64
9482,31
9483,67
9484,16
9485,58
9486,6
9487,48
9488,28
9489,89
9490,19
9491,11
9492,58
9493,28
9494,74
9495,14
9496,64
9497,10
9498,82
9499,21
9500,2
9501,4
9502,70
9503,84
9504,62
9505,32
9506,62
9507,72
9508,39
9509,89
9510,77
9511,98
9512,47
9513,77
9514,96
9515,52
9516,49
9517,18
9518,25
9519,73
9520,10
9521,35
9522,97
9523,43
9524,97
9525,82
9526,90
9527,34
9528,10
9529,45
9530,65
9531,47
9532,87
9533,99
9534,91
9535,52
9536,68
9537,82
9538,41
9539,17
9540,44
9541,17
9542,85
9543,47
9544,92
9545,13
9546,27
9547,13
9548,93
9549,70
9550,37
9551,87
9552,1
9553,56
9554,23
9555,34
9556,75
9557,73
9558,18
9559,68
9560,1
9561,47
9562,3
9563,22
9564,86
9565,71
9566,7
9567,5
9568,97
9569,93
9570,37
9571,41
9572,91
9573,0
9574,74
9575,37
9576,1
9577,1
9578,85
9579,40
9580,58
9581,41
9582,50
9583,49
9584,62
9585,74
9586,98
9587,94
9588,45
9589,95
9590,38
9591,25
9592,21
9593,76
9594,34
9595,0
9596,72
9597,77
9598,85
9599,11
9600,82
9601,81
9602,40
9603,16
9604,81
9605,62
9606,93
9607,53
9608,31
9609,91
9610,29
9611,67
9612,47
9613,65
9614,4
9615,35
9616,83
9617,81
9618,21
9619,86
9620,21
9621,59
9622,82
9623,91
9624,47
9625,63
9626,55
9627,5
9628,49
9629,75
9630,18
9631,36
9632,5
9633,31
9634,7
9635,35
9636,69
9637,92
9638,92
9639,69
9640,74
9641,45
9642,42
9643,62
9644,59
9645,92
9646,74
9647,87
9648,8
9649,67
9650,94
9651,54
9652,18
9653,19
9654,7
9655,84
9656,44
9657,55
9658,59
9659,1
9660,90
9661,79
9662,45
9663,7
9664,83
9665,63
9666,99
9667,65
9668,98
9669,59
9670,3
9671,54
9672,78
9673,78
9674,74
9675,26
9676,47
9677,57
9678,76
9679,75
9680,38
9681,51
9682,3
9683,88
9684,52
9685,96
9686,94
9687,96
9688,66
9689,25
9690,74
9691,26
9692,32
9693,9
9694,66
9695,43
9696,42
9697,53
9698,61
9699,61
9700,84
9701,61
9702,73
9703,62
9704,21
9705,0
9706,63
9707,49
9708,98
9709,53
9710,57
9711,6
9712,66
9713,23
9714,61
9715,73
9716,47
9717,60
9718,81
9719,59
9720,59
9721,88
9722,90
9723,63
9724,15
9725,86
9726,66
9727,60
9728,27
9729,77
9730,93
9731,29
9732,94
9733,77
9734,45
9735,94
9736,94
9737,53
9738,84
9739,22
9740,6
9741,86
9742,67
9743,89
9744,32
9745,53
9746,90
9747,87
9748,16
9749,69
9750,95
9751,76
9752,82
9753,65
9754,82
9755,53
9756,76
9757,83
9758,96
9759,5
9760,32
9761,45
9762,87
9763,57
9764,57
9765,63
9766,47
9767,43
9768,66
9769,37
9770,50
9771,21
9772,58
9773,19
9774,59
9775,22
9776,81
9777,27
9778,83
9779,84
9780,41
9781,50
9782,77
9783,72
9784,78
9785,54
9786,45
9787,17
9788,52
9789,68
9790,36
9791,62
9792,51
9793,54
9794,39
9795,90
9796,93
9797,21
9798,95
9799,35
9800,48
9801,7
9802,47
9803,76
9804,21
9805,56
9806,93
9807,19
9808,35
9809,96
9810,17
9811,49
9812,81
9813,42
9814,17
9815,15
9816,98
9817,95
9818,93
9819,9
9820,63
9821,19
9822,94
9823,26
9824,17
9825,8
9826,8
9827,54
9828,30
9829,43
9830,63
9831,42
9832,97
9833,9
9834,65
9835,9
9836,1
9837,1
9838,74
9839,62
9840,59
9841,7
9842,45
9843,48
9844,56
9845,47
9846,79
9847,40
9848,95
9849,80
9850,73
9851,60
9852,62
9853,36
9854,30
9855,49
9856,21
9857,26
9858,3
9859,17
9860,61
9861,70
9862,1
9863,91
9864,82
9865,16
9866,95
9867,87
9868,76
9869,60
9870,31
9871,47
9872,32
9873,87
9874,7
9875,25
9876,53
9877,39
9878,86
9879,72
9880,52
9881,89
9882,18
9883,92
9884,60
9885,79
9886,33
9887,70
9888,59
9889,43
9890,76
9891,50
9892,21
9893,58
9894,75
9895,45
9896,90
9897,75
9898,27
9899,93
9900,32
9901,87
9902,2
9903,11
9904,59
9905,93
9906,65
9907,9
9908,47
9909,99
9910,75
9911,92
9912,43
9913,35
9914,9
9915,84
9916,82
9917,33
9918,11
9919,91
9920,80
9921,74
9922,61
9923,80
9924,27
9925,80
9926,14
9927,92
9928,34
9929,16
9930,96
9931,59
9932,7
9933,88
9934,1
9935,1
9936,76
9937,76
9938,42
9939,54
9940,91
9941,41
9942,32
9943,13
9944,45
9945,86
9946,56
9947,86
9948,62
9949,7
9950,20
9951,83
9952,97
9953,47
9954,87
9955,88
9956,27
9957,82
9958,76
9959,17
9960,70
9961,23
9962,97
9963,96
9964,81
9965,71
9966,93
9967,36
9968,82
9969,67
9970,98
9971,63
9972,67
9973,73
9974,51
9975,79
9976,50
9977,32
9978,49
9979,72
9980,38
9981,46
9982,19
9983,24
9984,5
9985,42
9986,43
9987,51
9988,63
9989,33
9990,5
9991,63
9992,65
9993,40
9994,78
9995,39
9996,32
9997,83
9998,51
9999,56
